City_ID,City,Lat,Lng,Max Temp,Humidity,Cloudiness,Wind Speed,Country,Date
0,Porto Novo,6.4965,2.6036,84.02,80,100,11.03,BJ,2022-04-10 19:21:29
1,Vaini,-21.2,-175.2,77.16,94,40,6.91,TO,2022-04-10 19:14:16
2,Nikolskoye,59.7035,30.7861,39.79,87,18,9.73,RU,2022-04-10 19:16:03
3,Hermanus,-34.4187,19.2345,65.05,81,3,9.31,ZA,2022-04-10 19:16:03
4,Bongor,10.2806,15.3722,86.74,44,98,10.16,TD,2022-04-10 19:21:30
5,Hobart,-42.8794,147.3294,54.01,63,100,4.61,AU,2022-04-10 19:11:49
6,Rikitea,-23.1203,-134.9692,78.85,75,0,17.58,PF,2022-04-10 19:13:57
7,Albany,42.6001,-73.9662,45.91,60,99,14.5,US,2022-04-10 19:12:46
8,Byron Bay,-28.65,153.6167,65.95,94,31,7.96,AU,2022-04-10 19:21:30
9,Hilo,19.7297,-155.09,73.26,91,100,8.01,US,2022-04-10 19:16:07
10,Yerbogachen,61.2767,108.0108,10.22,98,78,3.89,RU,2022-04-10 19:21:31
11,Saint George,37.1041,-113.5841,64.44,12,0,4.61,US,2022-04-10 19:20:51
12,Kapoeta,4.7717,33.5903,88.99,31,38,15.97,SS,2022-04-10 19:21:31
13,Bredasdorp,-34.5322,20.0403,65.07,86,0,13.11,ZA,2022-04-10 19:14:26
14,Matamoros,25.5333,-103.25,86.11,20,75,12.66,MX,2022-04-10 19:21:26
15,Adrar,20.5022,-10.0711,87.3,5,0,6.73,MR,2022-04-10 19:21:32
16,Atuona,-9.8,-139.0333,78.94,76,15,16.49,PF,2022-04-10 19:13:57
17,Puerto Ayora,-0.7393,-90.3518,84.16,89,100,5.99,EC,2022-04-10 19:17:25
18,Margate,51.3813,1.3862,48.31,73,100,3.0,GB,2022-04-10 19:21:32
19,Havoysund,70.9963,24.6622,37.63,84,100,17.65,NO,2022-04-10 19:21:33
20,Cockburn Town,21.4612,-71.1419,82.36,61,40,13.8,TC,2022-04-10 19:21:34
21,Leningradskiy,69.3833,178.4167,-10.23,91,46,4.29,RU,2022-04-10 19:21:34
22,Mar Del Plata,-38.0023,-57.5575,71.1,97,75,13.8,AR,2022-04-10 19:19:30
23,Hithadhoo,-0.6,73.0833,83.84,72,28,9.8,MV,2022-04-10 19:21:34
24,Ilulissat,69.2167,-51.1,23.02,54,75,4.61,GL,2022-04-10 19:20:56
25,Tame,6.461,-71.73,91.71,38,100,7.23,CO,2022-04-10 19:21:35
26,Assiniboia,49.6334,-105.9845,42.62,31,17,19.57,CA,2022-04-10 19:16:45
27,Arraial Do Cabo,-22.9661,-42.0278,82.26,69,40,12.66,BR,2022-04-10 19:18:40
28,Severo-Kurilsk,50.6789,156.125,28.87,87,99,16.17,RU,2022-04-10 19:21:36
29,Busselton,-33.65,115.3333,53.01,84,41,5.1,AU,2022-04-10 19:17:26
30,Bluff,-46.6,168.3333,47.44,86,6,13.29,NZ,2022-04-10 19:14:20
31,Wenatchee,47.4235,-120.3103,49.96,40,40,4.61,US,2022-04-10 19:21:02
32,Port Lincoln,-34.7333,135.8667,63.23,80,100,13.98,AU,2022-04-10 19:18:29
33,Ponta Do Sol,32.6667,-17.1,66.0,72,1,12.24,PT,2022-04-10 19:18:31
34,Mehamn,71.0357,27.8492,37.31,85,100,20.22,NO,2022-04-10 19:21:37
35,Cape Town,-33.9258,18.4232,73.9,67,0,7.0,ZA,2022-04-10 19:12:51
36,Mataura,-46.1927,168.8643,39.31,98,6,3.24,NZ,2022-04-10 19:13:36
37,Waingapu,-9.6567,120.2641,75.87,79,0,5.88,ID,2022-04-10 19:21:37
38,Martinsville,36.6915,-79.8725,62.38,28,0,11.5,US,2022-04-10 19:21:38
39,Yar-Sale,66.8333,70.8333,33.33,100,100,10.33,RU,2022-04-10 19:21:38
40,Ambilobe,-13.2,49.05,74.53,94,15,2.66,MG,2022-04-10 19:21:38
41,Henties Bay,-22.116,14.2845,63.88,73,0,4.9,NA,2022-04-10 19:21:39
42,San Miguel,13.4833,-88.1833,96.4,30,20,3.44,SV,2022-04-10 19:21:39
43,Mahebourg,-20.4081,57.7,77.29,88,75,10.36,MU,2022-04-10 19:21:06
44,Lebu,-37.6167,-73.65,54.43,77,56,15.75,CL,2022-04-10 19:21:03
45,Sol-Iletsk,51.1631,54.9918,47.3,93,95,9.33,RU,2022-04-10 19:22:40
46,Vestmannaeyjar,63.4427,-20.2734,40.14,66,100,27.65,IS,2022-04-10 19:22:41
47,Hasaki,35.7333,140.8333,52.2,87,81,12.64,JP,2022-04-10 19:22:41
48,Beringovskiy,63.05,179.3167,25.92,96,100,11.03,RU,2022-04-10 19:22:41
49,Sal Rei,16.1833,-22.9167,71.8,68,75,18.41,CV,2022-04-10 19:22:42
50,Debre Tabor,11.85,38.0167,65.93,31,63,0.98,ET,2022-04-10 19:22:42
51,Klaksvik,62.2266,-6.589,32.92,64,100,9.46,FO,2022-04-10 19:22:42
52,Vengerovo,55.6848,76.7471,26.35,92,8,4.12,RU,2022-04-10 19:22:43
53,Cherskiy,68.75,161.3,-15.29,98,100,3.65,RU,2022-04-10 19:15:58
54,East London,-33.0153,27.9116,65.84,91,100,18.28,ZA,2022-04-10 19:16:39
55,Port Alfred,-33.5906,26.891,65.17,94,100,5.99,ZA,2022-04-10 19:20:58
56,Whitehorse,60.7161,-135.0538,21.09,47,75,6.91,CA,2022-04-10 19:22:44
57,Dudinka,69.4058,86.1778,-17.45,100,98,4.83,RU,2022-04-10 19:22:44
58,Georgetown,5.4112,100.3354,80.53,98,20,2.3,MY,2022-04-10 19:16:00
59,Vao,-22.6667,167.4833,77.31,83,97,20.8,NC,2022-04-10 19:19:55
60,Tamandare,-8.7597,-35.1047,82.47,70,45,8.79,BR,2022-04-10 19:22:44
61,Westport,41.1415,-73.3579,50.27,51,100,18.41,US,2022-04-10 19:20:53
62,New Norfolk,-42.7826,147.0587,53.71,51,100,3.0,AU,2022-04-10 19:16:42
63,Zemaiciu Naumiestis,55.3592,21.7022,36.28,86,34,8.77,LT,2022-04-10 19:22:45
64,Alyangula,-13.8483,136.4192,80.96,72,42,5.35,AU,2022-04-10 19:22:45
65,Vanimo,-2.6741,141.3028,76.23,89,50,6.73,PG,2022-04-10 19:22:46
66,Portsmouth,50.799,-1.0913,48.99,76,100,5.99,GB,2022-04-10 19:22:46
67,Petropavlovsk-Kamchatskiy,53.0452,158.6483,25.39,63,75,13.42,RU,2022-04-10 19:22:47
68,Cidreira,-30.1811,-50.2056,73.4,85,100,16.51,BR,2022-04-10 19:19:50
69,College,64.8569,-147.8028,17.58,64,100,1.01,US,2022-04-10 19:22:47
70,Conde,-7.2597,-34.9075,83.66,74,40,12.66,BR,2022-04-10 19:22:47
71,Tura,25.5198,90.2201,69.55,93,1,4.16,IN,2022-04-10 19:18:30
72,Bilma,18.6853,12.9164,91.26,5,0,4.16,NE,2022-04-10 19:22:10
73,Bathsheba,13.2167,-59.5167,84.81,70,40,20.71,BB,2022-04-10 19:22:48
74,Asau,46.4333,26.4,39.96,87,100,6.58,RO,2022-04-10 19:22:48
75,Pevek,69.7008,170.3133,-24.14,100,38,4.25,RU,2022-04-10 19:22:49
76,Vostok,46.4856,135.8833,29.28,95,100,5.14,RU,2022-04-10 19:22:49
77,Sao Filipe,14.8961,-24.4956,73.62,72,6,16.69,CV,2022-04-10 19:22:49
78,Sao Jose Da Coroa Grande,-8.8978,-35.1478,82.18,71,35,8.72,BR,2022-04-10 19:22:50
79,Saint-Philippe,-21.3585,55.7679,78.39,83,79,13.31,RE,2022-04-10 19:18:36
80,Alice Springs,-23.7,133.8833,69.22,32,39,4.61,AU,2022-04-10 19:19:39
81,Ancud,-41.8697,-73.8203,55.22,70,95,6.55,CL,2022-04-10 19:22:50
82,Chuy,-33.6971,-53.4616,74.03,69,41,15.3,UY,2022-04-10 19:14:14
83,Tuktoyaktuk,69.4541,-133.0374,-2.2,71,75,12.66,CA,2022-04-10 19:19:45
84,Iqaluit,63.7506,-68.5145,26.33,86,100,0.0,CA,2022-04-10 19:22:51
85,Nyurba,63.2842,118.3319,-0.38,100,90,1.54,RU,2022-04-10 19:22:51
86,Havre,49.5833,0.3333,53.37,47,0,12.66,FR,2022-04-10 19:22:52
87,Zhoukou,33.6333,114.6333,65.43,66,0,9.08,CN,2022-04-10 19:22:52
88,Simao,22.7886,100.9748,60.64,72,6,0.83,CN,2022-04-10 19:23:52
89,Siniscola,40.5719,9.6922,49.55,54,76,3.76,IT,2022-04-10 19:23:53
90,Barrow,71.2906,-156.7887,-5.78,77,100,12.66,US,2022-04-10 19:23:53
91,Okhotsk,59.3833,143.3,20.77,90,100,9.42,RU,2022-04-10 19:23:54
92,San Quintin,30.4833,-115.95,65.26,64,0,10.89,MX,2022-04-10 19:23:54
93,Kapaa,22.0752,-159.319,78.78,90,100,8.05,US,2022-04-10 19:13:56
94,Butaritari,3.0707,172.7902,80.49,76,98,8.72,KI,2022-04-10 19:23:55
95,Bethel,41.3712,-73.414,48.97,56,100,10.36,US,2022-04-10 19:21:59
96,Ushuaia,-54.8,-68.3,46.06,57,40,2.3,AR,2022-04-10 19:19:29
97,Loandjili,-4.7561,11.8578,78.64,87,99,7.38,CG,2022-04-10 19:23:55
98,Havre-Saint-Pierre,50.2334,-63.5986,35.6,93,40,6.91,CA,2022-04-10 19:23:55
99,Fukue,32.6881,128.8419,65.03,85,100,15.93,JP,2022-04-10 19:23:56
100,Arinos,-15.9169,-46.1056,95.49,28,25,3.65,BR,2022-04-10 19:23:56
101,Akersberga,59.4794,18.2997,44.56,62,100,12.3,SE,2022-04-10 19:23:56
102,Qaanaaq,77.484,-69.3632,-1.19,83,23,4.79,GL,2022-04-10 19:17:27
103,Constitucion,-35.3333,-72.4167,58.62,69,63,8.7,CL,2022-04-10 19:16:04
104,Bambous Virieux,-20.3428,57.7575,77.25,88,75,10.36,MU,2022-04-10 19:19:42
105,Punta Arenas,-53.15,-70.9167,50.11,50,0,12.66,CL,2022-04-10 19:17:18
106,Freeport,40.6576,-73.5832,50.52,47,100,20.71,US,2022-04-10 19:18:57
107,Samarai,-10.6167,150.6667,83.71,76,72,16.98,PG,2022-04-10 19:23:57
108,Luwuk,-0.9516,122.7875,77.65,81,93,5.55,ID,2022-04-10 19:23:58
109,Gat,31.61,34.7642,68.4,77,45,5.08,IL,2022-04-10 19:23:58
110,Dikson,73.5069,80.5464,-5.8,100,100,3.36,RU,2022-04-10 19:23:58
111,Ribeira Grande,38.5167,-28.7,57.6,62,40,27.63,PT,2022-04-10 19:21:00
112,Ust-Kuyga,70.0167,135.6,-17.43,99,99,3.02,RU,2022-04-10 19:23:59
113,Corsicana,32.0954,-96.4689,82.26,53,75,21.85,US,2022-04-10 19:23:59
114,Hwange,-18.3693,26.5019,67.39,85,100,1.68,ZW,2022-04-10 19:23:59
115,Nanakuli,21.3906,-158.1547,78.75,64,100,4.61,US,2022-04-10 19:24:00
116,Abu Samrah,35.3029,37.1841,64.06,53,4,6.13,SY,2022-04-10 19:24:00
117,Provideniya,64.3833,-173.3,23.54,99,94,6.08,RU,2022-04-10 19:18:36
118,Nome,64.5011,-165.4064,30.27,86,100,4.61,US,2022-04-10 19:16:05
119,Labrea,-7.2586,-64.7981,84.96,72,99,3.04,BR,2022-04-10 19:24:01
120,Zavyalovo,54.5053,82.4484,25.43,93,8,5.68,RU,2022-04-10 19:24:01
121,Ukiah,39.1502,-123.2078,65.44,39,0,16.11,US,2022-04-10 19:22:16
122,Castro,-24.7911,-50.0119,77.45,48,7,2.08,BR,2022-04-10 19:15:57
123,Jamestown,42.097,-79.2353,38.79,57,100,17.27,US,2022-04-10 19:17:27
124,Egvekinot,66.3167,-179.1667,21.06,97,100,9.37,RU,2022-04-10 19:24:02
125,Upernavik,72.7868,-56.1549,6.26,78,100,8.25,GL,2022-04-10 19:24:02
126,Den Helder,52.9599,4.7593,45.97,76,100,2.3,NL,2022-04-10 19:21:54
127,Guerrero Negro,27.9769,-114.0611,74.01,49,0,7.38,MX,2022-04-10 19:22:19
128,Hualmay,-11.0964,-77.6139,73.08,75,23,9.8,PE,2022-04-10 19:22:09
129,Yajalon,17.2333,-92.3333,76.82,42,5,4.0,MX,2022-04-10 19:22:48
130,Skibbereen,51.55,-9.2667,50.11,89,100,24.4,IE,2022-04-10 19:24:03
131,Olafsvik,64.8945,-23.7142,38.8,80,100,14.0,IS,2022-04-10 19:16:06
132,Moerai,-22.4333,-151.3333,80.56,78,49,15.84,PF,2022-04-10 19:24:04
133,Manggar,-2.8833,108.2667,78.84,84,100,2.48,ID,2022-04-10 19:24:04
134,Vikhorevka,56.1201,101.1636,29.79,96,100,5.95,RU,2022-04-10 19:24:05
135,Port Elizabeth,-33.918,25.5701,68.09,96,100,11.5,ZA,2022-04-10 19:16:08
136,Baturaja,-4.1333,104.1667,72.82,96,98,1.81,ID,2022-04-10 19:25:05
137,Brownsville,25.9018,-97.4975,86.0,57,75,34.52,US,2022-04-10 19:25:06
138,Wajir,1.7471,40.0573,85.93,49,15,15.08,KE,2022-04-10 19:20:56
139,Norman Wells,65.282,-126.8329,14.04,62,40,12.66,CA,2022-04-10 19:25:06
140,Thompson,55.7435,-97.8558,39.36,81,75,11.5,CA,2022-04-10 19:25:07
141,Flinders,-34.5833,150.8552,62.26,93,32,8.99,AU,2022-04-10 19:17:17
142,Mount Isa,-20.7333,139.5,83.97,30,85,8.05,AU,2022-04-10 19:25:07
143,Saint-Joseph,-21.3667,55.6167,77.38,80,43,13.94,RE,2022-04-10 19:25:07
144,Aklavik,68.2191,-135.0107,6.8,66,0,3.44,CA,2022-04-10 19:25:08
145,Katherine,-14.4667,132.2667,71.92,56,68,8.05,AU,2022-04-10 19:25:08
146,Amroha,28.9167,78.4667,83.19,10,0,3.22,IN,2022-04-10 19:21:16
147,Rameswaram,9.2833,79.3,83.16,73,100,2.64,IN,2022-04-10 19:25:08
148,Ahipara,-35.1667,173.1667,59.22,81,77,6.44,NZ,2022-04-10 19:23:07
149,Bani Walid,31.7566,13.9942,61.0,58,0,15.79,LY,2022-04-10 19:25:09
150,Bardsir,29.9227,56.5743,62.56,8,0,6.93,IR,2022-04-10 19:25:09
151,Karlshus,59.352,10.8723,46.56,49,0,9.22,NO,2022-04-10 19:25:10
152,Ostrovnoy,68.0531,39.5131,33.75,92,100,19.64,RU,2022-04-10 19:25:10
153,Tougue,11.4667,-11.6,87.89,15,0,5.01,GN,2022-04-10 19:25:10
154,Tucano,-10.9631,-38.7867,94.46,33,89,6.33,BR,2022-04-10 19:25:11
155,Sinjar,36.3209,41.8754,66.92,33,68,6.26,IQ,2022-04-10 19:25:11
156,Praia Da Vitoria,38.7333,-27.0667,59.25,72,75,29.28,PT,2022-04-10 19:25:11
157,Stillwater,36.1156,-97.0584,81.55,35,0,24.16,US,2022-04-10 19:25:12
158,Emerald,-23.5333,148.1667,69.94,94,0,1.14,AU,2022-04-10 19:25:12
159,Grand Forks,47.9417,-97.4337,46.33,61,100,11.5,US,2022-04-10 19:22:34
160,Morondava,-20.2833,44.2833,81.54,77,93,6.2,MG,2022-04-10 19:25:12
161,Suileng,47.25,127.0833,43.59,47,100,9.53,CN,2022-04-10 19:25:13
162,Thunder Bay,48.4001,-89.3168,42.78,56,100,6.91,CA,2022-04-10 19:20:19
163,Tatawin,32.9297,10.4518,58.41,58,0,11.32,TN,2022-04-10 19:25:13
164,Faya,18.3851,42.4509,65.3,42,0,2.82,SA,2022-04-10 19:13:58
165,Prince Rupert,54.3161,-130.3201,42.49,71,0,6.91,CA,2022-04-10 19:25:14
166,Teya,60.3778,92.6267,8.92,99,96,2.51,RU,2022-04-10 19:25:14
167,Tasiilaq,65.6145,-37.6368,26.76,84,86,4.29,GL,2022-04-10 19:17:20
168,Eirunepe,-6.6603,-69.8736,78.26,92,65,3.94,BR,2022-04-10 19:25:15
169,Plettenberg Bay,-34.0527,23.3716,65.3,88,1,7.25,ZA,2022-04-10 19:25:15
170,Gizo,-8.103,156.8419,81.75,73,58,5.66,SB,2022-04-10 19:25:15
171,Pascagoula,30.3658,-88.5561,76.55,53,0,10.36,US,2022-04-10 19:25:16
172,Hirado,33.3597,129.5531,58.39,82,100,7.47,JP,2022-04-10 19:25:16
173,Sitka,57.0531,-135.33,42.69,65,0,0.0,US,2022-04-10 19:25:17
174,Tiarei,-17.5333,-149.3333,86.02,72,25,19.33,PF,2022-04-10 19:25:17
175,Kodiak,57.79,-152.4072,38.71,35,0,16.11,US,2022-04-10 19:18:33
176,Malanje,-9.5402,16.341,65.01,96,99,2.93,AO,2022-04-10 19:25:17
177,Rehoboth,-23.3167,17.0833,66.04,24,0,3.0,NA,2022-04-10 19:25:18
178,Esmeraldas,-19.7625,-44.3139,88.84,53,83,6.93,BR,2022-04-10 19:25:18
179,Ust-Nera,64.5667,143.2,-20.85,99,98,5.95,RU,2022-04-10 19:25:18
180,Esperance,-33.8667,121.9,58.84,86,54,15.05,AU,2022-04-10 19:25:19
181,Kidal,18.4411,1.4078,93.56,7,0,12.73,ML,2022-04-10 19:25:19
182,Victoria,22.2855,114.1577,74.32,87,14,5.01,HK,2022-04-10 19:21:48
183,Sanmenxia,34.7747,111.1814,71.08,44,0,4.25,CN,2022-04-10 19:26:20
184,Tual,-5.6667,132.75,82.9,75,100,9.22,ID,2022-04-10 19:23:23
185,Arandis,-22.4167,14.9667,72.5,32,0,2.98,NA,2022-04-10 19:26:20
186,Touros,-5.1989,-35.4608,83.88,68,100,12.46,BR,2022-04-10 19:26:00
187,Kijang,35.2442,129.2139,56.93,89,97,6.29,KR,2022-04-10 19:26:21
188,Kralendijk,12.15,-68.2667,85.98,66,75,20.71,BQ,2022-04-10 19:26:21
189,Saldanha,-33.0117,17.9442,71.65,66,0,8.25,ZA,2022-04-10 19:26:21
190,Lac Du Bonnet,50.2536,-96.0612,46.15,63,100,3.94,CA,2022-04-10 19:26:22
191,Sur,22.5667,59.5289,87.76,36,58,8.66,OM,2022-04-10 19:26:22
192,Upington,-28.4478,21.2561,64.78,72,95,3.44,ZA,2022-04-10 19:26:23
193,Yellowknife,62.456,-114.3525,15.42,73,75,17.27,CA,2022-04-10 19:18:32
194,Kaitangata,-46.2817,169.8464,43.74,95,22,5.7,NZ,2022-04-10 19:26:23
195,Inuvik,68.3499,-133.7218,7.66,61,40,4.61,CA,2022-04-10 19:26:23
196,Tiznit,29.5833,-9.5,67.75,53,69,4.29,MA,2022-04-10 19:18:35
197,Waddan,29.1614,16.139,71.47,19,0,16.75,LY,2022-04-10 19:26:24
198,Longyearbyen,78.2186,15.6401,12.04,52,59,23.02,SJ,2022-04-10 19:18:33
199,Teguldet,57.3064,88.1667,14.77,96,12,4.68,RU,2022-04-10 19:26:24
200,Lipin Bor,60.2622,37.9763,32.34,90,93,7.74,RU,2022-04-10 19:26:25
201,Avarua,-21.2078,-159.775,82.45,83,40,6.91,CK,2022-04-10 19:26:25
202,Awjilah,29.1081,21.2869,76.59,19,0,12.75,LY,2022-04-10 19:26:26
203,Fontem,5.4685,9.8818,71.29,84,100,0.67,CM,2022-04-10 19:26:26
204,Srednekolymsk,67.45,153.6833,-1.35,98,100,5.79,RU,2022-04-10 19:26:26
205,Acapulco,16.8634,-99.8901,85.82,66,0,5.75,MX,2022-04-10 19:24:47
206,Benghazi,32.1167,20.0667,63.19,71,0,13.27,LY,2022-04-10 19:26:27
207,Astana,51.1801,71.446,35.55,64,0,13.42,KZ,2022-04-10 19:23:51
208,Preston,53.7667,-2.7167,51.69,53,100,6.49,GB,2022-04-10 19:26:27
209,Umm Lajj,25.0213,37.2685,79.29,51,1,3.47,SA,2022-04-10 19:26:28
210,Chokurdakh,70.6333,147.9167,-21.5,100,100,1.57,RU,2022-04-10 19:26:28
211,El Sauce,12.8869,-86.539,98.4,27,41,14.12,NI,2022-04-10 19:26:28
212,Sioux Lookout,50.1001,-91.917,39.27,81,100,12.66,CA,2022-04-10 19:26:29
213,Coihaique,-45.5752,-72.0662,59.61,81,90,7.43,CL,2022-04-10 19:26:29
214,Hambantota,6.1241,81.1185,79.61,79,91,11.7,LK,2022-04-10 19:26:30
215,Namibe,-15.1961,12.1522,71.31,79,21,3.4,AO,2022-04-10 19:26:30
216,Vilcun,-38.65,-72.2333,48.94,94,100,0.89,CL,2022-04-10 19:26:31
217,Nabire,-3.3667,135.4833,74.73,95,100,4.61,ID,2022-04-10 19:26:31
218,Maarianhamina,60.0973,19.9348,40.86,70,0,6.91,AX,2022-04-10 19:26:31
219,Kondinskoye,59.6481,67.41,32.25,93,100,8.57,RU,2022-04-10 19:26:32
220,Taksimo,56.3444,114.8794,14.56,86,82,2.62,RU,2022-04-10 19:26:32
221,Casa Nova,-9.4167,-41.1333,92.84,37,37,4.34,BR,2022-04-10 19:26:32
222,Achit,56.7985,57.8994,37.87,94,87,8.84,RU,2022-04-10 19:26:33
223,Januaria,-15.4833,-44.3667,97.36,24,30,2.71,BR,2022-04-10 19:26:33
224,Key West,24.5557,-81.7826,78.8,32,0,10.36,US,2022-04-10 19:26:33
225,Mabaruma,8.2,-59.7833,81.48,78,100,7.45,GY,2022-04-10 19:26:34
226,Owerri,5.4833,7.0304,83.01,70,22,8.84,NG,2022-04-10 19:27:34
227,Dingle,10.9995,122.6711,72.55,97,100,10.0,PH,2022-04-10 19:27:34
228,Hami,42.8,93.45,52.75,17,88,13.31,CN,2022-04-10 19:27:35
229,Morehead,37.2711,-87.1764,72.99,30,0,13.8,US,2022-04-10 19:27:35
230,Male,4.1748,73.5089,85.95,74,20,10.36,MV,2022-04-10 19:27:36
231,Bose,45.4612,8.0137,53.19,44,47,3.2,IT,2022-04-10 19:27:36
232,Bereda,43.2686,-7.5406,66.42,73,36,4.92,ES,2022-04-10 19:27:36
233,Diapaga,12.0708,1.7889,98.37,20,90,7.09,BF,2022-04-10 19:27:37
234,Carnarvon,-24.8667,113.6333,64.47,82,0,9.22,AU,2022-04-10 19:27:37
235,Rio Cuarto,-33.1307,-64.3499,81.48,83,40,14.97,AR,2022-04-10 19:27:38
236,Yumen,40.2833,97.2,43.54,53,100,15.5,CN,2022-04-10 19:27:38
237,Sidi Ali,36.0998,0.4206,67.6,47,47,11.59,DZ,2022-04-10 19:27:38
238,Idrinskoye,54.3708,92.1358,28.51,72,100,7.07,RU,2022-04-10 19:27:39
239,Kodinsk,58.6881,99.1844,18.75,96,13,2.19,RU,2022-04-10 19:27:39
240,Saint-Pierre,-21.3393,55.4781,78.48,82,40,20.71,RE,2022-04-10 19:27:39
241,Rapid Valley,44.0625,-103.1463,46.63,56,100,21.85,US,2022-04-10 19:27:40
242,Kilindoni,-7.9139,39.6668,83.8,71,10,12.73,TZ,2022-04-10 19:27:13
243,Saskylakh,71.9167,114.0833,-17.66,100,13,2.95,RU,2022-04-10 19:27:40
244,Avera,33.194,-82.5271,72.37,30,0,7.27,US,2022-04-10 19:21:04
245,Cabo San Lucas,22.8909,-109.9124,81.05,58,0,12.66,MX,2022-04-10 19:25:18
246,Trelew,-43.249,-65.3051,61.54,48,32,25.28,AR,2022-04-10 19:27:41
247,Lakes Entrance,-37.8811,147.981,60.71,88,55,9.04,AU,2022-04-10 19:27:41
248,Fitionesti,45.9833,27.05,37.69,91,100,15.46,RO,2022-04-10 19:27:41
249,Nazarovo,56.0064,90.3914,21.07,94,93,6.24,RU,2022-04-10 19:27:42
250,Brae,60.3964,-1.353,37.18,62,100,6.33,GB,2022-04-10 19:27:42
251,Rabo De Peixe,37.8,-25.5833,56.71,62,20,19.57,PT,2022-04-10 19:27:43
252,Marzuq,14.4,46.4667,72.01,40,0,7.4,YE,2022-04-10 19:27:43
253,Axim,4.8699,-2.2405,81.77,81,48,7.83,GH,2022-04-10 19:27:44
254,Senneterre,48.3835,-77.2328,32.32,77,100,7.9,CA,2022-04-10 19:27:44
255,Kindu,-2.95,25.95,67.73,96,81,1.48,CD,2022-04-10 19:27:44
256,Miles City,46.4083,-105.8406,45.57,39,75,11.5,US,2022-04-10 19:27:45
257,Pisco,-13.7,-76.2167,75.25,64,0,9.22,PE,2022-04-10 19:27:45
258,Torbay,47.6666,-52.7314,42.28,91,100,9.22,CA,2022-04-10 19:18:33
259,Riyadh,24.6877,46.7219,78.94,16,6,10.69,SA,2022-04-10 19:24:17
260,Vila Velha,-20.3297,-40.2925,82.35,79,40,10.36,BR,2022-04-10 19:27:46
261,Qaqortoq,60.7167,-46.0333,34.36,53,100,4.56,GL,2022-04-10 19:27:46
262,Bima,-8.4667,118.7167,74.59,93,65,3.85,ID,2022-04-10 19:27:46
263,Cap Malheureux,-19.9842,57.6142,75.47,87,16,3.0,MU,2022-04-10 19:19:41
264,Kahului,20.8947,-156.47,80.96,70,20,14.97,US,2022-04-10 19:26:18
265,Zyryanovsk,49.7386,84.2719,20.26,90,9,1.63,KZ,2022-04-10 19:27:47
266,Nouadhibou,20.931,-17.0347,66.18,77,79,24.16,MR,2022-04-10 19:27:47
267,Tabou,4.423,-7.3528,81.99,81,23,7.9,CI,2022-04-10 19:27:48
268,Lasa,46.6166,10.7002,43.68,84,12,4.59,IT,2022-04-10 19:27:48
269,Predivinsk,57.0669,93.4378,24.3,92,84,7.38,RU,2022-04-10 19:27:48
270,Ayan,56.45,138.1667,18.82,78,100,3.8,RU,2022-04-10 19:27:49
271,Marienburg,54.0359,19.0266,40.12,70,8,7.85,PL,2022-04-10 19:27:49
272,Port Hardy,50.6996,-127.4199,42.98,65,40,11.5,CA,2022-04-10 19:28:49
273,Mvomero,-6.25,38.6667,76.86,82,14,4.52,TZ,2022-04-10 19:28:50
274,Tawau,4.2498,117.8871,78.93,84,100,2.89,MY,2022-04-10 19:28:50
275,Sept-Iles,50.2001,-66.3821,43.32,65,75,8.05,CA,2022-04-10 19:24:02
276,Clyde River,70.4692,-68.5914,3.43,92,100,10.36,CA,2022-04-10 19:27:58
277,Vardo,70.3705,31.1107,37.38,87,75,26.46,NO,2022-04-10 19:28:51
278,San Cristobal,7.7669,-72.225,78.98,39,100,7.36,VE,2022-04-10 19:28:51
279,Susangerd,31.5608,48.1831,79.11,16,0,9.82,IR,2022-04-10 19:28:52
280,Muisne,0.6,-80.0333,80.08,79,100,8.72,EC,2022-04-10 19:28:52
281,Ulaangom,49.9811,92.0667,31.17,39,23,2.95,MN,2022-04-10 19:28:52
282,San Vicente,-26.6167,-54.1333,73.02,77,100,1.92,AR,2022-04-10 19:27:14
283,Bien Hoa,10.95,106.8167,80.58,80,35,7.09,VN,2022-04-10 19:28:53
284,Oum Hadjer,13.2954,19.6966,94.55,24,95,9.42,TD,2022-04-10 19:28:53
285,Namatanai,-3.6667,152.4333,79.11,79,83,5.19,PG,2022-04-10 19:28:54
286,Le Vauclin,14.5452,-60.8388,84.25,65,20,19.57,MQ,2022-04-10 19:28:54
287,Yala,6.3333,101.25,74.68,98,100,1.36,TH,2022-04-10 19:28:54
288,Mana,5.6592,-53.7767,81.59,75,100,11.99,GF,2022-04-10 19:28:55
289,Elizabeth City,36.2946,-76.2511,59.02,43,40,19.57,US,2022-04-10 19:28:55
290,Christchurch,-43.5333,172.6333,55.94,92,20,3.44,NZ,2022-04-10 19:27:53
291,Pabellon De Hidalgo,22.1667,-102.35,84.96,20,3,22.28,MX,2022-04-10 19:28:55
292,Saint-Jean-De-Maurienne,45.1667,6.5833,26.04,72,10,3.0,FR,2022-04-10 19:28:56
293,Zeya,53.75,127.2667,29.19,56,100,8.86,RU,2022-04-10 19:28:56
294,Alofi,-19.0595,-169.9187,80.49,89,95,1.14,NU,2022-04-10 19:19:42
295,Mildura,-34.2,142.15,62.56,63,10,6.91,AU,2022-04-10 19:28:57
296,Banda Aceh,5.5577,95.3222,79.88,81,58,2.15,ID,2022-04-10 19:28:57
297,Mitu,1.1983,-70.1733,85.24,63,100,3.02,CO,2022-04-10 19:28:58
298,Maltahohe,-24.8333,16.9833,68.34,30,0,12.24,NA,2022-04-10 19:28:58
299,Rorvik,64.8621,11.2373,39.31,81,75,21.85,NO,2022-04-10 19:28:58
300,Urubicha,-15.3833,-62.95,86.94,56,84,5.17,BO,2022-04-10 19:28:59
301,Lagoa,39.05,-27.9833,55.76,62,60,31.54,PT,2022-04-10 19:28:59
302,Rottingdean,50.8098,-0.0594,48.81,68,100,5.01,GB,2022-04-10 19:28:59
303,Provost,52.3501,-110.2683,36.05,52,100,22.19,CA,2022-04-10 19:29:00
304,Lavrentiya,65.5833,-171.0,22.44,98,78,6.73,RU,2022-04-10 19:19:43
305,Aras,42.5617,-2.356,61.23,59,0,21.85,ES,2022-04-10 19:29:00
306,Souillac,-20.5167,57.5167,77.38,88,75,10.36,MU,2022-04-10 19:29:01
307,Lake Havasu City,34.4839,-114.3224,81.0,5,0,25.32,US,2022-04-10 19:29:01
308,Sembakung,3.8167,117.25,72.64,98,100,1.79,ID,2022-04-10 19:29:01
309,Port-Cartier,50.0334,-66.8654,43.02,99,100,4.27,CA,2022-04-10 19:29:02
310,Millau,44.0833,2.9167,55.53,59,95,6.11,FR,2022-04-10 19:29:02
311,Bentiu,9.2333,29.8333,90.82,33,99,2.53,SS,2022-04-10 19:29:02
312,Tadine,-21.55,167.8833,77.79,84,28,10.47,NC,2022-04-10 19:29:03
313,Kovdor,67.5662,30.4758,30.85,94,100,9.62,RU,2022-04-10 19:29:03
314,Kaseda,31.4167,130.3167,64.02,85,100,9.73,JP,2022-04-10 19:29:03
315,Erzin,36.9559,36.2,59.5,55,27,2.39,TR,2022-04-10 19:29:04
316,Jacqueville,5.2052,-4.4146,82.09,86,9,13.11,CI,2022-04-10 19:30:04
317,Laguna,38.421,-121.4238,71.69,23,0,19.57,US,2022-04-10 19:30:05
318,Usvyaty,55.7456,30.7533,36.86,76,100,4.29,RU,2022-04-10 19:30:06
319,Narsaq,60.9167,-46.05,39.42,42,100,1.97,GL,2022-04-10 19:29:13
320,Naze,28.3667,129.4833,67.12,92,88,10.6,JP,2022-04-10 19:30:07
321,Caravelas,-17.7125,-39.2481,81.07,74,10,7.4,BR,2022-04-10 19:30:07
322,Lompoc,34.6391,-120.4579,79.7,52,0,21.99,US,2022-04-10 19:30:08
323,Port Macquarie,-31.4333,152.9167,59.9,91,12,5.06,AU,2022-04-10 19:30:08
324,Pochutla,15.7432,-96.4661,90.82,40,66,8.93,MX,2022-04-10 19:30:09
325,Oroville,39.5138,-121.5564,69.87,20,0,21.85,US,2022-04-10 19:30:09
326,Marawi,7.9986,124.2928,68.22,94,100,6.96,PH,2022-04-10 19:29:12
327,Alquizar,22.8058,-82.5842,77.49,33,47,15.3,CU,2022-04-10 19:30:09
328,Fuerte Olimpo,-21.0415,-57.8738,98.31,29,94,9.93,PY,2022-04-10 19:30:10
329,Karratha,-20.7377,116.8463,79.65,39,1,10.78,AU,2022-04-10 19:30:10
330,Yatou,37.15,122.3833,51.19,96,19,11.01,CN,2022-04-10 19:30:11
331,Akureyri,65.6835,-18.0878,33.73,75,0,8.05,IS,2022-04-10 19:30:11
332,Atocha,-20.9333,-66.2333,59.22,11,62,24.02,BO,2022-04-10 19:30:11
333,Bulawayo,-20.15,28.5833,58.44,93,100,11.5,ZW,2022-04-10 19:30:12
334,Koson,39.0375,65.585,71.92,35,100,10.13,UZ,2022-04-10 19:30:12
335,The Pas,53.8251,-101.2541,33.82,55,100,16.11,CA,2022-04-10 19:30:12
336,Ylivieska,64.0833,24.55,30.88,97,100,3.65,FI,2022-04-10 19:30:13
337,Zemio,5.0314,25.1361,68.25,92,100,0.96,CF,2022-04-10 19:30:13
338,Kirensk,57.7853,108.1119,23.7,98,100,1.52,RU,2022-04-10 19:30:14
339,Svetlyy,54.675,20.1347,41.05,74,25,13.96,RU,2022-04-10 19:30:14
340,Mattru,7.6244,-11.8332,80.19,82,100,3.74,SL,2022-04-10 19:30:14
341,Kailua,21.4022,-157.7394,79.48,70,49,3.0,US,2022-04-10 19:30:15
342,Komsomolskiy,40.4272,71.7189,66.92,59,45,6.91,UZ,2022-04-10 19:30:15
343,Almansa,38.8692,-1.0971,53.38,85,100,7.74,ES,2022-04-10 19:29:45
344,Nizwa,22.9333,57.5333,82.13,13,16,2.84,OM,2022-04-10 19:30:16
345,Glenwood Springs,39.5505,-107.3248,45.52,30,0,9.22,US,2022-04-10 19:30:16
346,Yerofey Pavlovich,53.9667,121.9667,19.78,88,100,4.25,RU,2022-04-10 19:30:16
347,Aleksinac,43.5417,21.7078,46.96,71,100,14.99,RS,2022-04-10 19:30:17
348,Sabang,5.8933,95.3214,83.01,71,97,2.82,ID,2022-04-10 19:30:17
349,Kavieng,-2.5744,150.7967,81.55,78,99,9.55,PG,2022-04-10 19:30:17
350,Kumluca,36.3703,30.2869,59.88,87,95,0.49,TR,2022-04-10 19:30:18
351,Tucupita,9.0622,-62.051,93.87,38,96,9.51,VE,2022-04-10 19:30:18
352,Pinega,64.7001,43.3936,35.46,91,99,9.31,RU,2022-04-10 19:30:18
353,Cuiaba,-15.5961,-56.0967,84.13,70,75,8.05,BR,2022-04-10 19:29:16
354,Rawson,-43.3002,-65.1023,59.88,51,25,23.55,AR,2022-04-10 19:30:19
355,Hatillo,18.4863,-66.8254,86.38,75,93,7.9,PR,2022-04-10 19:30:19
356,Obo,5.3998,26.4869,68.63,93,100,2.42,CF,2022-04-10 19:30:19
357,Concordia,-31.393,-58.0209,75.78,83,86,10.0,AR,2022-04-10 19:30:20
358,Buala,-8.145,159.5921,79.29,80,91,2.51,SB,2022-04-10 19:29:03
359,Sibolga,1.7427,98.7792,76.48,89,100,2.37,ID,2022-04-10 19:30:20
360,Puerto Del Rosario,28.5004,-13.8627,67.75,73,0,5.75,ES,2022-04-10 19:30:20
361,Arkhangelsk,64.5401,40.5433,35.71,93,20,6.71,RU,2022-04-10 19:30:21
362,Camana,-16.6228,-72.7111,71.69,69,14,10.58,PE,2022-04-10 19:30:21
363,Mercedes,-34.6515,-59.4307,80.04,38,33,12.35,AR,2022-04-10 19:30:21
364,Mangan,27.5167,88.5333,65.34,73,29,5.73,IN,2022-04-10 19:31:22
365,Muros,42.7762,-9.0603,60.1,78,40,14.45,ES,2022-04-10 19:31:22
366,Coolum Beach,-26.5333,153.1,68.34,97,44,8.46,AU,2022-04-10 19:31:23
367,Codrington,-38.2667,141.9667,58.05,58,98,10.4,AU,2022-04-10 19:31:23
368,Arlit,18.7369,7.3853,89.24,7,0,2.57,NE,2022-04-10 19:31:23
369,Atar,20.5169,-13.0499,85.77,5,5,6.98,MR,2022-04-10 19:31:24
370,Americus,32.0724,-84.2327,77.13,18,0,0.0,US,2022-04-10 19:31:24
371,Matagami,49.7502,-77.6328,30.31,74,100,10.36,CA,2022-04-10 19:31:24
372,Fria,10.4167,-13.5833,79.21,69,3,6.98,GN,2022-04-10 19:31:25
373,Ixtapa,20.7,-105.2,79.83,74,20,13.8,MX,2022-04-10 19:31:25
374,Presidencia Roque Saenz Pena,-26.7852,-60.4388,81.16,80,90,8.55,AR,2022-04-10 19:31:25
375,Kruisfontein,-34.0033,24.7314,65.88,90,27,6.53,ZA,2022-04-10 19:29:08
376,Cedar Rapids,42.0083,-91.6441,68.11,37,0,27.63,US,2022-04-10 19:29:12
377,Ascension,30.2169,-90.9001,83.05,39,0,17.27,US,2022-04-10 19:31:26
378,Obihiro,42.9172,143.2044,39.87,91,88,3.24,JP,2022-04-10 19:31:26
379,North Bend,43.4065,-124.2243,49.15,90,100,5.75,US,2022-04-10 19:27:28
380,Luzilandia,-3.4578,-42.3703,76.57,94,98,8.28,BR,2022-04-10 19:31:27
381,Altay,47.8667,88.1167,32.22,46,0,7.61,CN,2022-04-10 19:31:27
382,Salalah,17.0151,54.0924,82.49,83,0,3.44,OM,2022-04-10 19:31:27
383,Esna,25.2934,32.554,86.02,11,0,12.77,EG,2022-04-10 19:31:28
384,Isangel,-19.55,169.2667,78.91,82,53,7.63,VU,2022-04-10 19:29:07
385,Guarda,40.5373,-7.2658,51.73,65,100,12.35,PT,2022-04-10 19:31:28
386,Mayya,61.7333,130.2811,13.32,97,92,3.87,RU,2022-04-10 19:31:29
387,San Jose,37.3394,-121.895,73.49,21,75,14.97,US,2022-04-10 19:28:38
388,Hay River,60.8156,-115.7999,13.98,73,75,24.16,CA,2022-04-10 19:31:29
389,Goma,-1.6792,29.2228,63.37,88,95,3.53,CD,2022-04-10 19:31:29
390,Port Augusta,-32.5,137.7667,65.55,76,6,12.26,AU,2022-04-10 19:31:30
391,Fenton,42.7978,-83.7049,56.41,43,0,4.61,US,2022-04-10 19:31:30
392,Odesskoye,54.2111,72.9651,36.28,71,4,8.63,RU,2022-04-10 19:31:30
393,Fuyu,45.1833,124.8167,49.89,49,100,9.93,CN,2022-04-10 19:31:31
394,Husavik,66.0449,-17.3389,31.44,83,100,3.36,IS,2022-04-10 19:30:15
395,Kenora,49.8167,-94.4337,43.77,65,100,8.05,CA,2022-04-10 19:30:24
396,Xuddur,4.1213,43.8894,80.02,57,72,20.65,SO,2022-04-10 19:31:31
397,Udhampur,32.9333,75.1333,76.41,26,0,11.05,IN,2022-04-10 19:31:32
398,Tambura,5.6,27.4667,69.75,90,100,8.86,SS,2022-04-10 19:31:32
399,Tessalit,20.1986,1.0114,86.4,5,0,7.16,ML,2022-04-10 19:31:32
400,Northam,51.0333,-4.2167,47.66,64,100,19.06,GB,2022-04-10 19:31:33
401,Bairiki,1.3292,172.9752,80.6,83,75,8.05,KI,2022-04-10 19:31:33
402,Hamilton,39.1834,-84.5333,63.25,38,0,12.66,US,2022-04-10 19:31:26
403,Berlevag,70.8578,29.0864,37.35,87,100,18.41,NO,2022-04-10 19:31:34
404,Veraval,20.9,70.3667,80.33,79,3,8.3,IN,2022-04-10 19:31:34
405,Singkawang,0.9,109.0,75.76,85,84,2.84,ID,2022-04-10 19:31:34
406,Zhucheng,35.9947,119.3975,59.5,80,0,6.51,CN,2022-04-10 19:31:35
407,Brokopondo,4.75,-55.1667,79.36,88,100,8.97,SR,2022-04-10 19:31:35
408,Gotsu,35.0,132.2167,56.98,67,100,5.75,JP,2022-04-10 19:31:35
409,Garbolovo,60.3413,30.4955,34.99,85,16,10.65,RU,2022-04-10 19:31:36
410,Vagur,61.4732,-6.8119,36.05,64,100,11.97,FO,2022-04-10 19:31:36
411,Halifax,44.6453,-63.5724,45.68,95,100,1.99,CA,2022-04-10 19:29:56
412,Pilar,-9.5972,-35.9567,84.13,72,8,7.9,BR,2022-04-10 19:31:37
413,Menongue,-14.6585,17.691,64.6,87,100,6.35,AO,2022-04-10 19:32:37
414,Bayan,46.0833,127.4,45.46,62,100,5.06,CN,2022-04-10 19:32:37
415,Goure,13.9835,10.2704,85.73,8,100,2.98,NE,2022-04-10 19:32:38
416,Iralaya,15.0,-83.2333,80.67,79,100,14.41,HN,2022-04-10 19:32:38
417,Kitimat,54.0524,-128.6534,45.91,62,46,4.56,CA,2022-04-10 19:32:38
418,Bambanglipuro,-7.95,110.2833,75.54,90,79,2.8,ID,2022-04-10 19:32:39
419,Stephenville,32.2207,-98.2023,85.24,32,0,10.36,US,2022-04-10 19:32:39
420,Valleyview,55.0667,-117.2859,32.04,47,100,20.71,CA,2022-04-10 19:32:39
421,Fare,-16.7,-151.0167,82.08,74,28,16.49,PF,2022-04-10 19:32:40
422,Godda,24.8333,87.2167,77.76,72,0,11.18,IN,2022-04-10 19:32:40
423,Shizunai,42.3339,142.3669,42.28,85,9,7.92,JP,2022-04-10 19:32:41
424,Pathein,16.7833,94.7333,77.7,81,8,6.53,MM,2022-04-10 19:32:41
425,Boende,-0.2167,20.8667,71.4,99,100,0.38,CD,2022-04-10 19:32:41
426,Awbari,26.5921,12.7805,77.22,19,0,14.72,LY,2022-04-10 19:32:42
427,Campbell River,50.0163,-125.2446,43.59,56,100,4.61,CA,2022-04-10 19:31:38
428,Seydi,39.4816,62.9137,75.83,32,100,16.93,TM,2022-04-10 19:32:42
429,Drakhtik,40.565,45.2367,43.74,62,88,3.27,AM,2022-04-10 19:32:43
430,Holt,42.6406,-84.5153,58.12,36,0,6.91,US,2022-04-10 19:32:43
431,Rocha,-34.4833,-54.3333,74.43,64,4,16.15,UY,2022-04-10 19:30:26
432,Bachaquero,9.9694,-71.1494,85.91,65,99,8.5,VE,2022-04-10 19:32:43
433,Jutai,-5.1833,-68.9,79.45,92,100,1.52,BR,2022-04-10 19:32:44
434,Toppenish,46.3774,-120.3087,50.02,41,96,6.87,US,2022-04-10 19:32:44
435,Manoel Urbano,-8.8389,-69.2597,82.56,69,100,5.5,BR,2022-04-10 19:32:44
436,Loa Janan,-0.583,117.095,72.91,99,90,2.57,ID,2022-04-10 19:32:45
437,Sao Felix Do Xingu,-6.6447,-51.995,81.43,89,87,2.77,BR,2022-04-10 19:32:45
438,Pueblo Nuevo,23.3833,-105.3833,71.94,24,0,10.29,MX,2022-04-10 19:32:45
439,Kasane,-17.8167,25.15,64.51,90,100,3.96,BW,2022-04-10 19:32:46
440,Maturin,9.75,-63.1767,95.95,30,99,14.83,VE,2022-04-10 19:32:46
441,Evensk,61.95,159.2333,4.46,77,99,10.78,RU,2022-04-10 19:32:46
442,San Andres,12.5847,-81.7006,82.42,74,40,12.66,CO,2022-04-10 19:30:07
443,Soubre,5.7856,-6.6083,75.34,92,100,3.4,CI,2022-04-10 19:32:47
444,Ucluelet,48.9329,-125.5528,43.11,84,73,4.03,CA,2022-04-10 19:30:52
445,Katsuura,35.1333,140.3,61.74,90,100,12.5,JP,2022-04-10 19:31:29
446,Tanabe,33.7333,135.3667,58.35,84,100,3.69,JP,2022-04-10 19:32:47
447,Balabac,7.9868,117.0645,76.26,87,100,6.08,PH,2022-04-10 19:30:16
448,Monzon,41.9108,0.1941,56.62,87,97,6.82,ES,2022-04-10 19:32:48
449,Shimanovsk,52.0,127.7,27.34,95,100,12.06,RU,2022-04-10 19:32:48
450,Maketu,-37.7667,176.45,55.62,99,0,2.64,NZ,2022-04-10 19:32:49
451,Bengkulu,-3.8004,102.2655,75.25,91,68,3.38,ID,2022-04-10 19:32:43
452,Nekhayevskiy,50.4106,41.7561,55.96,63,100,7.67,RU,2022-04-10 19:32:49
453,Penzance,50.1186,-5.5371,50.68,79,100,23.17,GB,2022-04-10 19:32:50
454,Sydney,-33.8679,151.2073,63.84,95,0,8.99,AU,2022-04-10 19:30:51
455,Coahuayana,18.7333,-103.6833,91.49,40,100,8.16,MX,2022-04-10 19:32:50
456,Akyab,20.15,92.9,80.06,82,68,3.18,MM,2022-04-10 19:32:50
457,Airai,-8.9266,125.4092,57.69,72,92,1.79,TL,2022-04-10 19:31:29
458,Ziniare,12.5822,-1.2983,91.44,19,73,5.28,BF,2022-04-10 19:32:51
459,Damaturu,11.747,11.9608,89.06,20,40,3.06,NG,2022-04-10 19:33:51
460,Vila Franca Do Campo,37.7167,-25.4333,57.61,68,72,21.32,PT,2022-04-10 19:33:52
461,Talnakh,69.4865,88.3972,-2.65,98,95,4.12,RU,2022-04-10 19:33:52
462,La Ronge,55.1001,-105.2842,25.05,54,100,17.27,CA,2022-04-10 19:31:32
463,Sandnessjoen,66.0217,12.6316,37.92,92,75,5.01,NO,2022-04-10 19:33:52
464,San Policarpo,12.1791,125.5072,79.38,87,100,19.1,PH,2022-04-10 19:33:53
465,Langsa,4.4683,97.9683,74.61,94,77,2.08,ID,2022-04-10 19:33:53
466,Bud,39.447,-86.1758,64.4,40,99,15.61,US,2022-04-10 19:33:54
467,Yeppoon,-23.1333,150.7333,69.58,88,57,13.31,AU,2022-04-10 19:33:54
468,Dongsheng,39.8161,109.9776,53.35,19,100,24.4,CN,2022-04-10 19:33:54
469,Borovnica,45.9158,14.3631,41.86,75,59,2.13,SI,2022-04-10 19:33:55
470,Zapolyarnyy,69.4154,30.8136,33.08,98,100,21.27,RU,2022-04-10 19:33:55
471,Khatanga,71.9667,102.5,0.23,98,97,0.49,RU,2022-04-10 19:33:55
472,Lakatoro,-16.0999,167.4164,80.92,81,27,7.78,VU,2022-04-10 19:33:56
473,Puerto Escondido,15.85,-97.0667,88.63,66,0,6.91,MX,2022-04-10 19:31:53
474,Fomboni,-12.28,43.7425,83.41,70,19,11.45,KM,2022-04-10 19:33:56
475,Atherton,53.5237,-2.4935,51.26,51,100,1.99,GB,2022-04-10 19:33:56
476,Sakakah,29.9697,40.2064,78.37,17,74,7.45,SA,2022-04-10 19:33:57
477,Tournon-Sur-Rhone,45.0667,4.8333,50.27,62,71,2.37,FR,2022-04-10 19:33:57
478,Caltanissetta,37.3745,14.0642,41.59,81,6,5.46,IT,2022-04-10 19:33:58
479,Bundaberg,-24.85,152.35,68.29,98,8,6.91,AU,2022-04-10 19:33:58
480,Vila,42.0304,-8.1588,50.7,83,79,6.8,PT,2022-04-10 19:33:58
481,Gejiu,23.306,103.1635,52.03,82,0,2.84,CN,2022-04-10 19:33:59
482,Pangnirtung,66.1451,-65.7125,19.4,68,75,6.91,CA,2022-04-10 19:33:59
483,Grand Gaube,-20.0064,57.6608,77.4,87,12,1.99,MU,2022-04-10 19:33:59
484,Eureka,40.8021,-124.1637,59.74,68,80,10.0,US,2022-04-10 19:34:00
485,Luderitz,-26.6481,15.1594,69.01,58,0,11.45,NA,2022-04-10 19:34:00
486,Gazli,40.1333,63.45,76.62,28,98,16.13,UZ,2022-04-10 19:34:01
487,Khasan,42.4308,130.6434,38.71,97,98,2.75,RU,2022-04-10 19:34:01
488,Bilibino,68.0546,166.4372,-14.21,97,100,2.21,RU,2022-04-10 19:34:01
489,Tanout,14.9709,8.8879,88.3,8,3,4.99,NE,2022-04-10 19:34:02
490,Santa Maria Da Boa Vista,-8.8078,-39.8256,94.59,30,98,7.49,BR,2022-04-10 19:34:02
491,San Patricio,28.017,-97.5169,89.17,55,92,27.34,US,2022-04-10 19:34:02
492,Taltal,-25.4,-70.4833,64.63,68,23,4.34,CL,2022-04-10 19:30:26
493,Kasongo-Lunda,-6.4667,16.8167,70.65,97,100,2.95,CD,2022-04-10 19:34:03
494,Campos Belos,-13.0367,-46.7717,90.39,32,2,3.29,BR,2022-04-10 19:34:03
495,Roald,62.5833,6.1333,41.32,60,40,13.8,NO,2022-04-10 19:34:03
496,Vitim,59.4511,112.5578,7.27,97,68,1.63,RU,2022-04-10 19:34:04
497,Bilokurakyne,49.5341,38.7307,56.03,66,96,6.44,UA,2022-04-10 19:34:04
498,Kaspiysk,42.8816,47.6392,50.23,87,35,8.99,RU,2022-04-10 19:34:04
499,Camabatela,-8.1881,15.375,61.72,96,100,2.91,AO,2022-04-10 19:34:05
500,Aliwal North,-30.6937,26.7114,50.61,87,97,3.98,ZA,2022-04-10 19:34:05
501,Ekhabi,53.5102,142.9671,19.9,93,100,9.13,RU,2022-04-10 19:34:05
502,Ankazoabo,-22.2833,44.5167,72.45,65,17,4.7,MG,2022-04-10 19:35:06
503,Joshimath,30.5667,79.5667,56.79,33,0,8.81,IN,2022-04-10 19:35:06
504,Mandalgovi,45.7625,106.2708,24.26,84,71,30.4,MN,2022-04-10 19:35:07
505,Lorengau,-2.0226,147.2712,81.01,81,43,9.57,PG,2022-04-10 19:35:07
506,Mormugao,15.4,73.8,78.06,83,75,9.22,IN,2022-04-10 19:35:07
507,Mopipi,-21.1833,24.8833,68.58,72,50,12.95,BW,2022-04-10 19:35:08
508,Bayji,34.9311,43.487,74.23,21,24,6.11,IQ,2022-04-10 19:35:08
509,Tamiami,25.7587,-80.3984,79.02,51,40,11.5,US,2022-04-10 19:35:08
510,Buritizeiro,-17.3511,-44.9622,84.2,53,100,4.76,BR,2022-04-10 19:35:09
511,Domoni,-12.2569,44.5319,79.97,83,23,8.63,KM,2022-04-10 19:35:09
512,Abu Kamal,34.4506,40.9171,73.94,22,32,10.51,SY,2022-04-10 19:35:09
513,Khani,41.9563,42.9566,51.37,63,100,7.87,GE,2022-04-10 19:35:10
514,Udachnyy,66.4167,112.4,1.8,100,95,2.86,RU,2022-04-10 19:35:10
515,Abha,18.2164,42.5053,66.02,55,0,4.61,SA,2022-04-10 19:35:10
516,Jiaozuo,35.2397,113.2331,69.35,47,0,1.79,CN,2022-04-10 19:35:11
517,Faanui,-16.4833,-151.75,82.33,72,3,15.84,PF,2022-04-10 19:35:11
518,Mountain Home,43.133,-115.6912,45.88,100,75,13.8,US,2022-04-10 19:32:07
519,Luba,3.4568,8.5547,81.01,84,70,8.55,GQ,2022-04-10 19:35:12
520,Harer,9.3094,42.1258,65.53,59,65,5.21,ET,2022-04-10 19:35:12
521,Sola,-13.8833,167.55,81.73,76,32,9.24,VU,2022-04-10 19:35:12
522,Fortuna,40.5982,-124.1573,55.92,64,75,17.27,US,2022-04-10 19:29:28
523,Tuatapere,-46.1333,167.6833,46.22,88,2,6.98,NZ,2022-04-10 19:35:13
524,Pierre,44.3683,-100.351,56.86,37,100,21.85,US,2022-04-10 19:35:13
525,Mashivka,49.4431,34.8669,52.23,82,96,5.1,UA,2022-04-10 19:35:13
526,Puerto Varas,-41.3195,-72.9854,57.42,62,40,8.05,CL,2022-04-10 19:33:29
527,Sumbe,-11.2061,13.8437,77.49,90,90,6.85,AO,2022-04-10 19:35:14
528,Nanortalik,60.1432,-45.2371,31.87,80,100,4.5,GL,2022-04-10 19:35:14
529,High Level,58.5169,-117.136,26.71,63,75,17.27,CA,2022-04-10 19:35:15
530,Wabana,47.6332,-52.9481,41.56,91,100,10.36,CA,2022-04-10 19:35:15
531,Jinxiang,27.4327,120.6062,64.0,90,66,4.81,CN,2022-04-10 19:33:56
532,Buraydah,26.326,43.975,82.85,14,8,11.12,SA,2022-04-10 19:35:15
533,Tiksi,71.6872,128.8694,-15.59,100,99,2.24,RU,2022-04-10 19:35:16
534,Samarkand,39.6542,66.9597,69.22,49,100,20.71,UZ,2022-04-10 19:35:16
535,Letlhakeng,-24.0944,25.0298,61.27,89,100,11.59,BW,2022-04-10 19:35:16
536,Shimoda,34.6667,138.95,60.1,83,100,6.71,JP,2022-04-10 19:35:17
537,Pedernales,18.0384,-71.744,82.42,64,68,7.87,DO,2022-04-10 19:35:17
538,Nioro,13.35,-15.75,87.93,27,40,10.33,GM,2022-04-10 19:35:17
539,Adjumani,3.3779,31.7909,78.8,44,100,2.71,UG,2022-04-10 19:35:18
540,Sangar,63.9242,127.4739,-9.29,91,10,1.45,RU,2022-04-10 19:35:18
541,Aleksandrov Gay,50.147,48.5704,52.68,76,14,5.23,RU,2022-04-10 19:35:18
542,Sambava,-14.2667,50.1667,75.49,90,56,9.78,MG,2022-04-10 19:35:19
543,Onega,63.9061,38.1404,32.95,87,40,11.7,RU,2022-04-10 19:35:19
544,Chara,56.9064,118.2631,7.9,83,99,2.53,RU,2022-04-10 19:35:19
545,Nandikotkur,15.8667,78.2667,85.19,45,87,10.4,IN,2022-04-10 19:35:20
546,Bucerias,20.75,-105.3333,80.58,74,20,13.8,MX,2022-04-10 19:35:20
547,Strezhevoy,60.7333,77.5889,17.64,92,99,5.28,RU,2022-04-10 19:35:20
548,Sorland,67.667,12.6934,37.26,66,77,19.1,NO,2022-04-10 19:35:21
549,Scottsbluff,41.8666,-103.6672,48.43,23,75,32.21,US,2022-04-10 19:36:21
550,Verkhnevilyuysk,63.4453,120.3167,-2.16,100,100,2.21,RU,2022-04-10 19:36:21
551,Sultanpur,26.2667,82.0667,84.15,28,0,8.23,IN,2022-04-10 19:36:22
552,Lundazi,-12.2929,33.1782,62.78,96,100,6.38,ZM,2022-04-10 19:36:22
553,Ocos,14.5094,-92.1933,93.38,60,50,13.2,GT,2022-04-10 19:36:22
