City_ID,City,Country,Lat,Lng,Max Temp,Humidity,Cloudiness,Wind Speed,Current Description,Date
0,Saint-Paul,RE,-21.0096,55.2707,77.11,81,22,2.98,few clouds,2022-04-11 00:12:07
1,Busselton,AU,-33.65,115.3333,54.82,78,74,8.43,broken clouds,2022-04-11 00:12:07
2,Avarua,CK,-21.2078,-159.775,84.25,74,40,3.44,light rain,2022-04-11 00:12:07
3,Barrow,US,71.2906,-156.7887,1.42,78,100,19.57,haze,2022-04-11 00:12:08
4,Jamestown,US,42.097,-79.2353,37.18,53,0,10.36,clear sky,2022-04-11 00:12:08
5,Codrington,AU,-38.2667,141.9667,61.38,51,84,11.99,broken clouds,2022-04-11 00:12:09
6,Peniche,PT,39.3558,-9.3811,59.07,94,65,18.07,broken clouds,2022-04-11 00:12:09
7,Bantou,CN,26.2151,117.4893,71.92,60,39,0.81,scattered clouds,2022-04-11 00:12:10
8,Porvoo,FI,60.3923,25.6651,37.24,89,96,14.54,overcast clouds,2022-04-11 00:12:10
9,Taoudenni,ML,22.6783,-3.9836,78.49,8,2,9.98,clear sky,2022-04-11 00:12:11
10,Rikitea,PF,-23.1203,-134.9692,79.07,74,4,17.29,light rain,2022-04-11 00:12:11
11,Gondanglegi,ID,-7.7479,112.0132,77.7,86,14,5.95,few clouds,2022-04-11 00:12:12
12,Lompoc,US,34.6391,-120.4579,70.12,63,0,35.99,clear sky,2022-04-11 00:12:12
13,Tasiilaq,GL,65.6145,-37.6368,15.96,86,67,4.05,broken clouds,2022-04-11 00:12:12
14,San Quintin,MX,30.4833,-115.95,63.75,67,8,8.12,clear sky,2022-04-11 00:12:13
15,Lamu,KE,-2.2717,40.902,81.97,75,14,13.22,few clouds,2022-04-11 00:12:14
16,Port Alfred,ZA,-33.5906,26.891,66.18,88,100,4.0,overcast clouds,2022-04-11 00:12:15
17,Vaini,TO,-21.2,-175.2,82.56,78,40,9.22,scattered clouds,2022-04-11 00:12:15
18,Otavi,NA,-19.65,17.3333,70.25,54,94,9.24,overcast clouds,2022-04-11 00:12:16
19,Bambous Virieux,MU,-20.3428,57.7575,74.21,77,63,18.59,light rain,2022-04-11 00:12:16
20,Butaritari,KI,3.0707,172.7902,79.88,79,94,7.36,moderate rain,2022-04-11 00:12:17
21,Ushuaia,AR,-54.8,-68.3,39.07,74,100,3.67,overcast clouds,2022-04-11 00:12:17
22,Nicoya,CR,10.1483,-85.452,83.62,58,95,10.69,overcast clouds,2022-04-11 00:12:18
23,Olginskaya,RU,47.1879,39.9492,63.93,63,100,9.13,overcast clouds,2022-04-11 00:12:18
24,New Norfolk,AU,-42.7826,147.0587,56.71,55,95,1.99,overcast clouds,2022-04-11 00:12:19
25,Yellowknife,CA,62.456,-114.3525,19.42,78,47,15.93,scattered clouds,2022-04-11 00:12:19
26,Moron,AR,-34.6534,-58.6198,71.92,80,46,7.58,scattered clouds,2022-04-11 00:09:29
27,Carnarvon,AU,-24.8667,113.6333,66.27,68,3,9.22,clear sky,2022-04-11 00:12:20
28,Atuona,PF,-9.8,-139.0333,79.43,77,13,15.26,few clouds,2022-04-11 00:12:01
29,Hithadhoo,MV,-0.6,73.0833,83.53,67,17,13.27,few clouds,2022-04-11 00:12:20
30,Mataura,NZ,-46.1927,168.8643,64.33,46,2,9.86,clear sky,2022-04-11 00:12:21
31,Cape Town,ZA,-33.9258,18.4232,70.92,66,2,5.99,clear sky,2022-04-11 00:12:21
32,Ardmore,US,34.1743,-97.1436,79.25,54,0,18.41,clear sky,2022-04-11 00:10:10
33,Kieta,PG,-6.2167,155.6333,84.74,67,96,3.27,overcast clouds,2022-04-11 00:12:22
34,Pisco,PE,-13.7,-76.2167,68.05,73,0,17.27,clear sky,2022-04-11 00:12:22
35,Oulu,FI,65.0124,25.4682,32.22,93,75,4.61,broken clouds,2022-04-11 00:12:23
36,Hilo,US,19.7297,-155.09,78.53,81,100,6.91,overcast clouds,2022-04-11 00:10:20
37,Manono,CD,-7.3,27.4167,71.17,81,91,4.27,overcast clouds,2022-04-11 00:12:24
38,Hanyang,CN,32.1371,105.5126,64.31,72,68,3.33,broken clouds,2022-04-11 00:12:24
39,Batemans Bay,AU,-35.7167,150.1833,69.1,52,21,2.62,few clouds,2022-04-11 00:12:25
40,Turayf,SA,31.6725,38.6637,66.78,19,1,7.23,clear sky,2022-04-11 00:12:25
41,Lasa,IT,46.6166,10.7002,35.69,53,8,2.26,clear sky,2022-04-11 00:12:26
42,Bluff,NZ,-46.6,168.3333,60.19,63,7,18.95,clear sky,2022-04-11 00:12:26
43,Airai,TL,-8.9266,125.4092,68.36,56,47,2.48,scattered clouds,2022-04-11 00:12:27
44,Hobyo,SO,5.3505,48.5268,81.28,77,7,10.6,clear sky,2022-04-11 00:12:27
45,Kavaratti,IN,10.5669,72.642,83.39,75,96,8.34,overcast clouds,2022-04-11 00:12:28
46,Bandarbeyla,SO,9.4942,50.8122,78.78,81,9,0.83,clear sky,2022-04-11 00:12:28
47,Oktyabrskoye,RU,43.0645,44.7417,42.94,81,100,2.24,overcast clouds,2022-04-11 00:12:29
48,Ponca City,US,36.707,-97.0856,74.95,30,0,8.05,clear sky,2022-04-11 00:08:42
49,Kumla,SE,59.1277,15.1434,37.35,70,83,6.91,broken clouds,2022-04-11 00:13:29
50,Narrabri,AU,-30.3167,149.7833,77.52,65,0,1.01,clear sky,2022-04-11 00:13:30
51,Zhanaozen,KZ,43.3,52.8,57.25,44,0,7.0,clear sky,2022-04-11 00:13:30
52,Sao Filipe,CV,14.8961,-24.4956,71.82,78,3,9.44,clear sky,2022-04-11 00:13:31
53,Puerto Ayora,EC,-0.7393,-90.3518,78.55,93,96,7.0,overcast clouds,2022-04-11 00:13:31
54,Kiama,AU,-34.6833,150.8667,79.57,66,13,3.0,few clouds,2022-04-11 00:13:32
55,Tubinskiy,RU,52.8892,58.2225,38.23,90,49,9.86,scattered clouds,2022-04-11 00:13:32
56,Kapaa,US,22.0752,-159.319,79.12,82,100,12.66,overcast clouds,2022-04-11 00:08:34
57,Port Elizabeth,ZA,-33.918,25.5701,66.09,98,100,7.0,overcast clouds,2022-04-11 00:13:33
58,Miquelon,PM,47.0975,-56.3814,38.93,98,96,21.39,overcast clouds,2022-04-11 00:13:33
59,Gouloure,BF,12.2306,-1.9289,91.69,28,77,3.15,broken clouds,2022-04-11 00:13:33
60,Pandan,PH,14.0453,124.1694,79.72,89,100,17.94,overcast clouds,2022-04-11 00:13:34
61,Esperance,AU,-33.8667,121.9,63.84,83,70,14.16,broken clouds,2022-04-11 00:13:34
62,Kaitangata,NZ,-46.2817,169.8464,59.14,50,9,6.15,clear sky,2022-04-11 00:13:35
63,Longyearbyen,SJ,78.2186,15.6401,10.24,56,0,23.02,clear sky,2022-04-11 00:13:35
64,Maputo,MZ,-25.9653,32.5892,67.6,95,98,7.94,moderate rain,2022-04-11 00:13:35
65,Lagoa,PT,39.05,-27.9833,56.14,66,91,30.89,overcast clouds,2022-04-11 00:13:36
66,Am Timan,TD,11.0297,20.2827,84.31,51,100,4.7,overcast clouds,2022-04-11 00:13:36
67,Tamale,GH,9.4008,-0.8393,86.25,47,96,8.63,light rain,2022-04-11 00:13:36
68,Yulara,AU,-25.2406,130.9889,78.64,21,0,8.05,clear sky,2022-04-11 00:13:37
69,Sitka,US,57.0531,-135.33,51.69,30,20,5.75,few clouds,2022-04-11 00:13:37
70,Bredasdorp,ZA,-34.5322,20.0403,62.35,95,8,5.82,clear sky,2022-04-11 00:13:37
71,Punta Arenas,CL,-53.15,-70.9167,44.71,81,75,4.61,broken clouds,2022-04-11 00:13:38
72,Aklavik,CA,68.2191,-135.0107,11.91,73,80,4.56,broken clouds,2022-04-11 00:13:38
73,Bogalusa,US,30.791,-89.8487,71.78,54,4,8.39,clear sky,2022-04-11 00:13:39
74,Karaton,ID,-6.3424,106.1045,75.25,92,100,2.93,overcast clouds,2022-04-11 00:13:39
75,Carbonia,IT,39.1672,8.5222,48.0,65,25,6.38,scattered clouds,2022-04-11 00:13:39
76,Swan Hill,AU,-35.3378,143.5544,70.88,54,83,9.78,broken clouds,2022-04-11 00:13:40
77,Alirajpur,IN,22.3031,74.3546,78.51,39,27,7.18,scattered clouds,2022-04-11 00:13:40
78,Dikson,RU,73.5069,80.5464,-8.23,100,100,4.5,overcast clouds,2022-04-11 00:13:41
79,Sakakah,SA,29.9697,40.2064,68.86,18,76,7.87,broken clouds,2022-04-11 00:13:41
80,Albany,US,42.6001,-73.9662,42.03,64,86,4.0,overcast clouds,2022-04-11 00:11:32
81,Flin Flon,CA,54.7682,-101.865,31.37,71,100,9.04,overcast clouds,2022-04-11 00:13:42
82,Half Moon Bay,US,37.4636,-122.4286,68.41,59,0,35.68,haze,2022-04-11 00:13:42
83,Hobart,AU,-42.8794,147.3294,57.06,66,75,9.22,broken clouds,2022-04-11 00:13:10
84,Necochea,AR,-38.5473,-58.7368,64.02,96,100,13.13,moderate rain,2022-04-11 00:13:42
85,Saint-Philippe,RE,-21.3585,55.7679,76.59,82,54,14.29,light rain,2022-04-11 00:13:43
86,Teeli,RU,51.0333,90.2333,32.63,55,100,2.42,light snow,2022-04-11 00:13:43
87,Te Anau,NZ,-45.4167,167.7167,53.38,78,66,9.28,broken clouds,2022-04-11 00:13:44
88,Nanortalik,GL,60.1432,-45.2371,30.6,76,100,3.4,overcast clouds,2022-04-11 00:13:44
89,Kapit,MY,2.0167,112.9333,74.91,96,83,0.96,broken clouds,2022-04-11 00:13:44
90,Colares,PT,38.7992,-9.4469,59.99,78,79,15.99,broken clouds,2022-04-11 00:13:45
91,Aykhal,RU,66.0,111.5,18.27,96,74,3.53,broken clouds,2022-04-11 00:13:45
92,Kupang,ID,-10.1667,123.5833,80.76,76,31,5.91,scattered clouds,2022-04-11 00:11:19
93,Bengkulu,ID,-3.8004,102.2655,75.13,90,87,3.6,overcast clouds,2022-04-11 00:13:46
94,Narsaq,GL,60.9167,-46.05,32.22,55,100,2.84,overcast clouds,2022-04-11 00:14:46
95,Araouane,ML,18.9048,-3.5265,81.21,6,0,9.1,clear sky,2022-04-11 00:14:47
96,Nyurba,RU,63.2842,118.3319,15.53,96,97,3.85,overcast clouds,2022-04-11 00:14:47
97,Pevek,RU,69.7008,170.3133,-9.15,91,95,6.96,overcast clouds,2022-04-11 00:14:47
98,Okato,NZ,-39.2,173.8833,67.51,71,51,6.38,broken clouds,2022-04-11 00:14:48
99,Mandalgovi,MN,45.7625,106.2708,23.61,80,75,18.45,broken clouds,2022-04-11 00:14:48
100,Kungurtug,RU,50.5994,97.5228,15.93,76,100,2.48,overcast clouds,2022-04-11 00:14:49
101,Bethel,US,41.3712,-73.414,45.48,65,91,1.99,overcast clouds,2022-04-11 00:14:49
102,Hibbing,US,47.4272,-92.9377,44.2,26,100,5.75,overcast clouds,2022-04-11 00:14:49
103,Vicosa Do Ceara,BR,-3.5622,-41.0922,66.79,99,96,1.7,overcast clouds,2022-04-11 00:14:50
104,Constitucion,CL,-35.3333,-72.4167,49.42,83,3,9.69,clear sky,2022-04-11 00:14:50
105,Ahipara,NZ,-35.1667,173.1667,70.03,56,90,10.02,overcast clouds,2022-04-11 00:14:50
106,Bytosh,RU,53.8186,34.0912,38.26,84,100,4.18,overcast clouds,2022-04-11 00:14:51
107,Ishigaki,JP,24.3448,124.1572,75.33,86,71,11.7,broken clouds,2022-04-11 00:14:51
108,Samarai,PG,-10.6167,150.6667,84.97,72,71,16.84,broken clouds,2022-04-11 00:14:52
109,Ingham,US,42.6,-84.3833,55.02,37,0,11.5,clear sky,2022-04-11 00:14:52
110,Nikolskoye,RU,59.7035,30.7861,37.87,92,7,8.41,clear sky,2022-04-11 00:14:53
111,Nelson Bay,AU,-32.7167,152.15,77.0,77,10,6.51,clear sky,2022-04-11 00:14:53
112,Grand Gaube,MU,-20.0064,57.6608,77.4,87,8,5.01,clear sky,2022-04-11 00:14:53
113,Pointe-Noire,CG,-4.7761,11.8635,77.49,91,85,2.1,overcast clouds,2022-04-11 00:14:54
114,Mahebourg,MU,-20.4081,57.7,77.29,78,40,14.97,scattered clouds,2022-04-11 00:14:54
115,Tuy Hoa,VN,13.0833,109.3,74.34,87,47,2.98,scattered clouds,2022-04-11 00:10:55
116,Karratha,AU,-20.7377,116.8463,82.06,35,0,10.83,clear sky,2022-04-11 00:14:55
117,Torbay,CA,47.6666,-52.7314,34.29,94,100,11.5,mist,2022-04-11 00:14:55
118,East London,ZA,-33.0153,27.9116,64.72,88,100,10.98,light rain,2022-04-11 00:14:55
119,Qaanaaq,GL,77.484,-69.3632,-6.84,75,33,6.71,scattered clouds,2022-04-11 00:14:56
120,Bastia,FR,42.6667,9.3333,50.31,66,0,3.44,clear sky,2022-04-11 00:14:56
121,Fort Nelson,CA,58.8053,-122.7002,26.26,76,100,7.34,overcast clouds,2022-04-11 00:14:57
122,Castro,BR,-24.7911,-50.0119,61.45,78,54,5.26,broken clouds,2022-04-11 00:12:42
123,Norman Wells,CA,65.282,-126.8329,16.48,79,97,14.45,overcast clouds,2022-04-11 00:14:57
124,Petatlan,MX,17.5167,-101.2667,82.92,60,97,5.21,overcast clouds,2022-04-11 00:14:58
125,Bintulu,MY,3.1667,113.0333,76.71,90,98,3.4,overcast clouds,2022-04-11 00:14:58
126,Celestun,MX,20.8667,-90.4,82.51,50,27,18.81,scattered clouds,2022-04-11 00:14:59
127,Mizan Teferi,ET,6.9833,35.5833,63.93,73,43,3.38,scattered clouds,2022-04-11 00:14:59
128,Esmeraldas,BR,-19.7625,-44.3139,77.86,79,26,3.91,scattered clouds,2022-04-11 00:14:59
129,Kahului,US,20.8947,-156.47,86.02,62,40,23.02,scattered clouds,2022-04-11 00:10:31
130,Turukhansk,RU,65.8167,87.9833,-2.78,100,99,5.7,overcast clouds,2022-04-11 00:15:00
131,Lebu,CL,-37.6167,-73.65,50.54,82,23,9.84,few clouds,2022-04-11 00:15:00
132,Conceicao Do Araguaia,BR,-8.2578,-49.2647,74.57,95,96,4.54,overcast clouds,2022-04-11 00:15:01
133,Udachnyy,RU,66.4167,112.4,21.45,52,98,3.22,overcast clouds,2022-04-11 00:15:01
134,Orbetello,IT,42.4408,11.2196,45.43,57,5,4.12,clear sky,2022-04-11 00:15:02
135,Khatanga,RU,71.9667,102.5,3.79,95,97,2.55,overcast clouds,2022-04-11 00:12:56
136,Nouadhibou,MR,20.931,-17.0347,62.58,88,44,17.27,scattered clouds,2022-04-11 00:15:02
137,Trelew,AR,-43.249,-65.3051,54.21,64,48,10.94,scattered clouds,2022-04-11 00:15:03
138,Mirnyy,RU,62.5353,113.9611,23.23,41,100,1.99,overcast clouds,2022-04-11 00:15:03
139,Kousseri,CM,12.0769,15.0306,90.21,23,91,6.49,overcast clouds,2022-04-11 00:15:03
140,Cidreira,BR,-30.1811,-50.2056,71.96,87,100,19.75,overcast clouds,2022-04-11 00:15:04
141,Mildura,AU,-34.2,142.15,74.32,46,45,11.45,scattered clouds,2022-04-11 00:15:04
142,Howard Springs,AU,-12.497,131.047,87.71,84,66,2.75,broken clouds,2022-04-11 00:16:05
143,Richards Bay,ZA,-28.783,32.0377,64.89,97,100,8.25,moderate rain,2022-04-11 00:16:06
144,Geraldton,AU,-28.7667,114.6,63.01,94,75,8.05,broken clouds,2022-04-11 00:16:06
145,Adolfo Lopez Mateos,MX,28.4667,-107.3,69.93,21,77,24.87,broken clouds,2022-04-11 00:16:06
146,Inta,RU,66.0317,60.1659,35.82,99,100,6.31,overcast clouds,2022-04-11 00:16:07
147,Mackay,AU,-21.15,149.2,79.68,82,87,18.03,overcast clouds,2022-04-11 00:16:07
148,Hofn,IS,64.2539,-15.2082,35.67,68,100,4.05,overcast clouds,2022-04-11 00:16:08
149,Freising,DE,48.4035,11.7488,35.65,91,0,4.61,clear sky,2022-04-11 00:16:08
150,San Patricio,US,28.017,-97.5169,78.55,71,88,26.62,overcast clouds,2022-04-11 00:16:08
151,Berlevag,NO,70.8578,29.0864,33.6,98,100,29.12,snow,2022-04-11 00:16:09
152,Darhan,MN,49.4867,105.9228,31.55,52,35,2.77,scattered clouds,2022-04-11 00:16:09
153,Rancho Palos Verdes,US,33.7445,-118.387,72.0,73,77,11.01,broken clouds,2022-04-11 00:15:54
154,Pangai,TO,-19.8,-174.35,84.31,74,20,5.75,few clouds,2022-04-11 00:16:10
155,Hami,CN,42.8,93.45,52.75,21,96,1.19,overcast clouds,2022-04-11 00:16:10
156,Zhangye,CN,38.9342,100.4517,45.0,26,100,4.5,overcast clouds,2022-04-11 00:16:10
157,Bara,NG,10.3744,10.7288,80.67,46,62,6.15,broken clouds,2022-04-11 00:16:11
158,Thompson,CA,55.7435,-97.8558,34.97,79,98,7.34,light snow,2022-04-11 00:16:11
159,Ibotirama,BR,-12.1853,-43.2206,80.35,29,27,3.67,scattered clouds,2022-04-11 00:16:12
160,Saint George,US,37.1041,-113.5841,69.64,8,0,9.22,clear sky,2022-04-11 00:12:31
161,Porto Walter,BR,-8.2686,-72.7439,73.6,97,99,1.1,overcast clouds,2022-04-11 00:16:12
162,Upernavik,GL,72.7868,-56.1549,3.72,87,99,6.44,overcast clouds,2022-04-11 00:16:13
163,Trinidad,BO,-14.8333,-64.9,75.83,90,27,3.69,scattered clouds,2022-04-11 00:16:13
164,Atar,MR,20.5169,-13.0499,77.45,7,9,0.98,clear sky,2022-04-11 00:16:14
165,Torit,SS,4.4133,32.5678,77.43,49,66,2.86,broken clouds,2022-04-11 00:16:14
166,Monte Alegre,BR,-2.0078,-54.0692,74.14,97,100,3.98,overcast clouds,2022-04-11 00:16:15
167,Ocos,GT,14.5094,-92.1933,87.98,65,26,7.4,scattered clouds,2022-04-11 00:16:15
168,Ouesso,CG,1.6136,16.0517,71.4,92,99,0.63,overcast clouds,2022-04-11 00:16:15
169,Leshukonskoye,RU,64.8989,45.7622,31.41,93,90,6.02,overcast clouds,2022-04-11 00:16:16
170,Mitu,CO,1.1983,-70.1733,73.4,95,100,1.63,moderate rain,2022-04-11 00:16:16
171,Praia Da Vitoria,PT,38.7333,-27.0667,56.75,71,40,28.68,scattered clouds,2022-04-11 00:16:17
172,Shahr-E Kord,IR,32.3256,50.8644,35.37,38,0,2.3,clear sky,2022-04-11 00:16:17
173,Ucluelet,CA,48.9329,-125.5528,44.91,62,64,4.27,broken clouds,2022-04-11 00:16:17
174,Pahrump,US,36.2083,-115.9839,72.25,9,36,5.99,scattered clouds,2022-04-11 00:16:18
175,Chuy,UY,-33.6971,-53.4616,68.54,88,51,12.06,broken clouds,2022-04-11 00:16:18
176,Arraial Do Cabo,BR,-22.9661,-42.0278,75.81,82,26,4.92,scattered clouds,2022-04-11 00:16:19
177,Cravo Norte,CO,6.3017,-70.2041,86.92,47,100,3.98,overcast clouds,2022-04-11 00:16:19
178,Souillac,MU,-20.5167,57.5167,76.93,78,57,17.05,light rain,2022-04-11 00:14:48
179,Mityana,UG,0.4175,32.0228,65.5,87,100,1.54,light rain,2022-04-11 00:16:20
180,Ponta Do Sol,PT,32.6667,-17.1,62.71,74,23,15.26,few clouds,2022-04-11 00:16:20
181,Hasaki,JP,35.7333,140.8333,70.29,80,99,15.03,overcast clouds,2022-04-11 00:16:21
182,Liverpool,GB,53.4106,-2.9779,50.29,62,100,8.05,overcast clouds,2022-04-11 00:13:04
183,Faanui,PF,-16.4833,-151.75,81.5,75,6,16.82,light rain,2022-04-11 00:16:22
184,Kilindoni,TZ,-7.9139,39.6668,82.44,75,27,16.51,light rain,2022-04-11 00:16:22
185,San Andres,CO,12.5847,-81.7006,80.62,78,20,10.36,few clouds,2022-04-11 00:16:22
186,Tuktoyaktuk,CA,69.4541,-133.0374,3.2,66,20,14.97,few clouds,2022-04-11 00:16:23
187,Adrar,MR,20.5022,-10.0711,78.84,7,3,9.98,clear sky,2022-04-11 00:16:23
188,Zhigansk,RU,66.7697,123.3711,4.8,94,55,8.88,broken clouds,2022-04-11 00:12:13
189,Methoni,GR,36.8197,21.7049,55.22,59,5,30.53,clear sky,2022-04-11 00:16:24
190,Iralaya,HN,15.0,-83.2333,78.4,83,59,13.04,broken clouds,2022-04-11 00:17:24
191,Telimele,GN,10.9167,-13.3333,70.5,80,4,2.59,clear sky,2022-04-11 00:17:25
192,Lata,PT,40.1629,-8.3327,51.85,82,48,5.97,scattered clouds,2022-04-11 00:14:51
193,Revda,RU,56.801,59.9303,32.38,98,92,5.26,overcast clouds,2022-04-11 00:17:26
194,Meulaboh,ID,4.1363,96.1285,76.6,89,99,3.38,heavy intensity rain,2022-04-11 00:17:26
195,Mezen,RU,65.8522,44.24,32.05,89,73,9.31,broken clouds,2022-04-11 00:17:26
196,Boden,SE,65.8252,21.6886,24.8,98,84,4.25,light snow,2022-04-11 00:17:27
197,Gizo,SB,-8.103,156.8419,84.54,67,51,4.5,broken clouds,2022-04-11 00:16:39
198,Chilca,PE,-12.5211,-76.7372,67.69,88,54,6.38,broken clouds,2022-04-11 00:17:27
199,Majene,ID,-3.5403,118.9707,79.47,81,74,4.61,broken clouds,2022-04-11 00:17:28
200,Waingapu,ID,-9.6567,120.2641,79.68,74,21,4.16,few clouds,2022-04-11 00:17:28
201,Krasnyy Luch,UA,48.1395,38.9371,54.95,65,100,9.91,overcast clouds,2022-04-11 00:17:29
202,Kuloy,RU,61.0305,42.4925,32.38,94,100,4.25,overcast clouds,2022-04-11 00:17:29
203,Inirida,CO,3.8653,-67.9239,75.07,93,96,2.75,overcast clouds,2022-04-11 00:17:30
204,Kurtamysh,RU,54.9103,64.4319,39.56,72,99,11.39,overcast clouds,2022-04-11 00:17:30
205,Kaeo,NZ,-35.1,173.7833,70.32,72,100,10.67,overcast clouds,2022-04-11 00:17:30
206,Grindavik,IS,63.8424,-22.4338,37.35,75,100,17.27,overcast clouds,2022-04-11 00:17:31
207,Nyrob,RU,60.733,56.7202,37.4,99,100,6.87,overcast clouds,2022-04-11 00:17:31
208,Provideniya,RU,64.3833,-173.3,28.51,74,75,7.0,broken clouds,2022-04-11 00:17:31
209,Vallenar,CL,-28.5708,-70.7581,64.02,57,0,2.93,clear sky,2022-04-11 00:15:25
210,Kodiak,US,57.79,-152.4072,45.91,31,0,9.22,clear sky,2022-04-11 00:16:17
211,Port Hedland,AU,-20.3167,118.5667,82.45,65,0,8.05,clear sky,2022-04-11 00:17:32
212,Kalaleh,IR,37.3807,55.4916,49.6,93,40,0.0,scattered clouds,2022-04-11 00:17:33
213,Ukiah,US,39.1502,-123.2078,63.45,45,0,12.66,clear sky,2022-04-11 00:17:33
214,Bokaa,BW,-24.45,26.0167,59.65,95,100,10.47,overcast clouds,2022-04-11 00:17:34
215,Kilembe,UG,0.2,30.0,64.51,74,100,3.4,overcast clouds,2022-04-11 00:17:34
216,Montepuez,MZ,-13.1256,38.9997,66.87,99,4,3.65,clear sky,2022-04-11 00:17:34
217,Zhangjiakou,CN,40.81,114.8794,61.39,16,99,11.9,overcast clouds,2022-04-11 00:17:35
218,Sarangani,PH,5.4033,125.4636,82.51,79,96,20.98,overcast clouds,2022-04-11 00:17:35
219,Bitung,ID,1.4451,125.1824,85.05,74,82,13.69,broken clouds,2022-04-11 00:17:36
220,Jablah,SY,35.3614,35.9256,57.49,82,0,2.3,clear sky,2022-04-11 00:17:36
221,Tingi,TZ,-11.3,35.0333,62.28,96,55,3.89,broken clouds,2022-04-11 00:17:37
222,Espumoso,BR,-28.7247,-52.8497,68.83,77,100,1.05,overcast clouds,2022-04-11 00:17:37
223,Dubovskoye,RU,47.4092,42.7575,52.38,62,100,9.69,overcast clouds,2022-04-11 00:17:38
224,Nagato,JP,34.3833,131.2,63.19,71,99,14.74,overcast clouds,2022-04-11 00:17:38
225,Kashary,RU,49.04,41.0056,55.04,56,100,10.83,overcast clouds,2022-04-11 00:17:39
226,Saldanha,ZA,-33.0117,17.9442,66.85,50,4,7.52,clear sky,2022-04-11 00:17:39
227,Mingaora,PK,34.7758,72.3625,68.72,28,53,8.75,broken clouds,2022-04-11 00:17:39
228,Bairiki,KI,1.3292,172.9752,86.0,74,20,6.91,few clouds,2022-04-11 00:17:40
229,Sheltozero,RU,61.3667,35.3667,32.09,90,7,10.11,clear sky,2022-04-11 00:17:40
230,Bend,US,44.0582,-121.3153,42.66,59,40,7.0,scattered clouds,2022-04-11 00:15:09
231,Vila Velha,BR,-20.3297,-40.2925,78.75,83,0,6.91,clear sky,2022-04-11 00:17:41
232,Saskylakh,RU,71.9167,114.0833,-10.39,97,27,4.56,scattered clouds,2022-04-11 00:17:41
233,Bathsheba,BB,13.2167,-59.5167,79.41,73,40,19.57,scattered clouds,2022-04-11 00:17:41
234,Cherskiy,RU,68.75,161.3,-6.45,88,100,7.25,overcast clouds,2022-04-11 00:18:42
235,Chifeng,CN,42.2683,118.9636,51.15,27,72,1.88,broken clouds,2022-04-11 00:18:01
236,Lahore,PK,31.5497,74.3436,76.98,53,6,0.0,smoke,2022-04-11 00:17:47
237,Chiplun,IN,17.5333,73.5167,75.52,92,100,2.73,overcast clouds,2022-04-11 00:18:42
238,Hermanus,ZA,-34.4187,19.2345,62.8,90,5,11.5,clear sky,2022-04-11 00:16:38
239,Lotofaga,WS,-13.9764,-171.8578,89.38,74,19,9.66,few clouds,2022-04-11 00:18:43
240,Beni,CD,0.5,29.4667,62.83,98,100,1.39,light rain,2022-04-11 00:18:43
241,Igarka,RU,67.4667,86.5833,-16.67,100,95,4.99,overcast clouds,2022-04-11 00:18:43
242,Canon City,US,38.441,-105.2424,60.67,7,0,27.63,clear sky,2022-04-11 00:18:44
243,Vilyuysk,RU,63.7553,121.6247,10.98,94,79,3.31,broken clouds,2022-04-11 00:18:44
244,Biloela,AU,-24.4167,150.5,82.94,42,0,11.16,clear sky,2022-04-11 00:18:44
245,Tiksi,RU,71.6872,128.8694,-6.07,93,99,1.95,overcast clouds,2022-04-11 00:18:45
246,Cabo Rojo,PR,18.0866,-67.1457,79.92,80,87,5.68,overcast clouds,2022-04-11 00:18:45
247,Bilibino,RU,68.0546,166.4372,-3.42,84,100,14.03,overcast clouds,2022-04-11 00:18:12
248,Los Llanos De Aridane,ES,28.6585,-17.9182,60.55,90,0,3.44,clear sky,2022-04-11 00:18:46
249,Uniao,BR,-4.5858,-42.8642,73.29,98,80,3.74,moderate rain,2022-04-11 00:18:46
250,Kattivakkam,IN,13.2167,80.3167,84.07,83,85,2.71,overcast clouds,2022-04-11 00:18:47
251,Mareeba,AU,-17.0,145.4333,84.67,80,50,6.76,scattered clouds,2022-04-11 00:18:47
252,Caravelas,BR,-17.7125,-39.2481,78.1,84,40,6.89,scattered clouds,2022-04-11 00:18:47
253,Garissa,KE,-0.4536,39.6401,79.56,71,77,14.52,broken clouds,2022-04-11 00:18:48
254,Kisanga,TZ,-7.4362,37.7034,73.76,91,94,1.57,overcast clouds,2022-04-11 00:18:48
255,Costinesti,RO,43.95,28.6333,42.06,85,96,20.6,overcast clouds,2022-04-11 00:18:49
256,Shenjiamen,CN,29.9576,122.298,61.41,97,69,12.01,broken clouds,2022-04-11 00:18:49
257,Pleasanton,US,37.6624,-121.8747,70.16,45,0,17.27,clear sky,2022-04-11 00:15:34
258,Belyy Yar,RU,53.6039,91.3903,24.85,69,0,0.0,clear sky,2022-04-11 00:18:47
259,Kota Belud,MY,6.351,116.4305,78.82,80,100,5.53,light rain,2022-04-11 00:18:50
260,Jolalpan,MX,18.325,-98.8417,93.16,20,84,8.68,broken clouds,2022-04-11 00:18:50
261,Llanes,ES,43.4198,-4.7549,61.3,69,94,10.02,overcast clouds,2022-04-11 00:18:51
262,Taft,IR,31.7471,54.2088,60.75,25,0,6.91,dust,2022-04-11 00:18:51
263,Seoul,KR,37.5683,126.9778,67.57,49,20,8.05,few clouds,2022-04-11 00:17:12
264,Coari,BR,-4.085,-63.1414,74.44,96,100,2.82,heavy intensity rain,2022-04-11 00:18:51
265,Kirakira,SB,-10.4544,161.9205,83.37,73,84,3.98,broken clouds,2022-04-11 00:18:52
266,Katsuura,JP,35.1333,140.3,64.83,80,100,13.98,overcast clouds,2022-04-11 00:18:52
267,Ballina,AU,-28.8667,153.5667,78.98,79,34,7.7,scattered clouds,2022-04-11 00:18:52
268,Karakol,KG,42.4907,78.3936,46.81,46,57,6.38,broken clouds,2022-04-11 00:18:53
269,Dingle,PH,10.9995,122.6711,73.83,91,100,12.64,light rain,2022-04-11 00:18:15
270,Asau,RO,46.4333,26.4,41.95,73,100,6.44,overcast clouds,2022-04-11 00:18:53
271,Manokwari,ID,-0.8667,134.0833,78.82,85,100,13.04,overcast clouds,2022-04-11 00:18:54
272,Simpang,ID,-1.2667,104.0833,75.06,96,83,2.28,heavy intensity rain,2022-04-11 00:18:54
273,Dhule,IN,20.9,74.7833,83.21,25,60,7.99,broken clouds,2022-04-11 00:17:13
274,Timmins,CA,48.4669,-81.3331,42.62,42,75,4.61,broken clouds,2022-04-11 00:18:01
275,Ilulissat,GL,69.2167,-51.1,17.62,67,100,1.14,overcast clouds,2022-04-11 00:18:55
276,Kununurra,AU,-15.7667,128.7333,84.18,51,13,1.14,few clouds,2022-04-11 00:18:55
277,Swellendam,ZA,-34.0226,20.4417,63.23,75,1,3.06,clear sky,2022-04-11 00:18:55
278,Gamba,GA,-2.65,10.0,76.28,93,59,1.16,light rain,2022-04-11 00:19:56
279,Iqaluit,CA,63.7506,-68.5145,24.53,79,100,6.91,light snow,2022-04-11 00:19:56
280,Fortuna,US,40.5982,-124.1573,55.92,66,75,11.5,broken clouds,2022-04-11 00:19:57
281,Guerrero Negro,MX,27.9769,-114.0611,66.04,65,0,15.55,clear sky,2022-04-11 00:18:55
282,Quatre Cocos,MU,-20.2078,57.7625,77.11,77,47,17.78,light rain,2022-04-11 00:19:57
283,Shuyskoye,RU,59.3736,41.0305,32.86,98,99,1.52,light snow,2022-04-11 00:19:58
284,Iquitos,PE,-3.7481,-73.2472,77.04,88,40,4.61,scattered clouds,2022-04-11 00:19:24
285,Nanyang,CN,32.9947,112.5328,68.47,74,0,5.28,clear sky,2022-04-11 00:19:58
286,Victoria,HK,22.2855,114.1577,75.96,81,6,3.0,clear sky,2022-04-11 00:19:59
287,Kasongo,CD,-4.45,26.6667,68.7,92,99,1.07,overcast clouds,2022-04-11 00:19:59
288,Dakar,SN,14.6937,-17.4441,68.13,94,0,11.5,clear sky,2022-04-11 00:17:45
289,Tezu,IN,27.9167,96.1667,67.87,86,76,1.79,moderate rain,2022-04-11 00:20:00
290,Brae,GB,60.3964,-1.353,36.01,64,100,2.68,overcast clouds,2022-04-11 00:20:00
291,Lima,PE,-12.0432,-77.0282,66.45,77,0,9.22,clear sky,2022-04-11 00:15:13
292,Oyotun,PE,-6.8519,-79.3036,77.74,72,79,4.83,broken clouds,2022-04-11 00:20:01
293,Kargasok,RU,59.0556,80.8572,9.73,94,75,3.24,broken clouds,2022-04-11 00:20:01
294,Sao Joao Da Barra,BR,-21.6403,-41.0511,74.97,89,20,8.93,few clouds,2022-04-11 00:20:02
295,Inyonga,TZ,-6.7167,32.0667,63.09,90,42,4.07,scattered clouds,2022-04-11 00:20:02
296,Sobolevo,RU,54.4299,31.8996,39.38,70,100,5.06,overcast clouds,2022-04-11 00:20:03
297,Myitkyina,MM,25.3833,97.4,68.25,80,25,1.86,scattered clouds,2022-04-11 00:20:04
298,Barcelos,PT,41.5388,-8.6151,57.92,83,61,13.13,broken clouds,2022-04-11 00:16:05
299,Tigzirt,DZ,36.8886,4.1198,61.14,63,70,10.65,broken clouds,2022-04-11 00:20:05
300,Georgetown,MY,5.4112,100.3354,80.53,93,20,2.3,few clouds,2022-04-11 00:17:56
301,Marawi,PH,7.9986,124.2928,72.25,90,100,6.93,overcast clouds,2022-04-11 00:20:05
302,Khuzhir,RU,53.1939,107.3397,29.5,77,99,8.05,overcast clouds,2022-04-11 00:20:06
303,Bam,IR,29.106,58.357,72.46,15,0,23.62,clear sky,2022-04-11 00:20:06
304,Portland,US,45.5234,-122.6762,45.84,87,100,6.91,light rain,2022-04-11 00:16:11
305,Dodola,ET,6.9833,39.1833,52.5,83,67,3.78,broken clouds,2022-04-11 00:20:07
306,Road Town,VG,18.4167,-64.6167,78.89,78,20,5.75,few clouds,2022-04-11 00:17:37
307,Port-Gentil,GA,-0.7193,8.7815,80.17,85,25,10.69,scattered clouds,2022-04-11 00:20:08
308,Ancud,CL,-41.8697,-73.8203,48.22,80,39,3.96,scattered clouds,2022-04-11 00:16:46
309,Tupik,RU,54.4253,119.9327,24.06,71,100,3.62,overcast clouds,2022-04-11 00:20:08
310,Poum,NC,-20.2333,164.0167,80.08,78,87,11.41,overcast clouds,2022-04-11 00:20:09
311,Salalah,OM,17.0151,54.0924,78.89,78,0,3.44,clear sky,2022-04-11 00:20:10
312,Alta Floresta,BR,-9.8756,-56.0861,73.33,92,85,3.42,overcast clouds,2022-04-11 00:20:10
313,Isangel,VU,-19.55,169.2667,84.13,65,17,9.1,few clouds,2022-04-11 00:16:07
314,Kuytun,RU,54.3419,101.5036,28.17,84,100,11.21,overcast clouds,2022-04-11 00:20:11
315,Juneau,US,58.3019,-134.4197,44.22,32,20,14.97,few clouds,2022-04-11 00:20:11
316,Champerico,GT,14.3,-91.9167,86.54,64,25,6.49,scattered clouds,2022-04-11 00:20:12
317,Saint-Pierre,RE,-21.3393,55.4781,76.68,78,75,12.66,broken clouds,2022-04-11 00:20:13
318,Tzucacab,MX,20.0667,-89.05,82.8,39,14,8.05,few clouds,2022-04-11 00:20:13
319,George,ZA,-33.963,22.4617,53.15,100,100,3.44,overcast clouds,2022-04-11 00:20:14
320,Catamarca,AR,-28.4696,-65.7852,71.58,82,6,4.81,clear sky,2022-04-11 00:19:39
321,Aras,ES,42.5617,-2.356,52.23,76,100,20.71,overcast clouds,2022-04-11 00:20:14
322,Broome,US,42.2506,-75.833,39.61,68,100,12.66,overcast clouds,2022-04-11 00:21:15
323,Bhag,PK,29.0415,67.8239,85.96,15,100,4.99,overcast clouds,2022-04-11 00:21:16
324,Sidi Ali,DZ,36.0998,0.4206,62.31,55,75,3.31,broken clouds,2022-04-11 00:21:16
325,Shakawe,BW,-18.3667,21.85,63.16,96,52,4.72,broken clouds,2022-04-11 00:21:16
326,Itarema,BR,-2.9248,-39.9167,76.19,90,92,5.06,overcast clouds,2022-04-11 00:21:17
327,Namatanai,PG,-3.6667,152.4333,84.79,65,94,4.92,overcast clouds,2022-04-11 00:21:17
328,Mount Pleasant,US,32.7941,-79.8626,63.0,63,0,6.91,clear sky,2022-04-11 00:18:00
329,Pak Phanang,TH,8.3511,100.202,78.82,82,92,3.11,overcast clouds,2022-04-11 00:21:18
330,Teya,RU,60.3778,92.6267,7.61,99,99,2.08,overcast clouds,2022-04-11 00:21:18
331,Minudasht,IR,37.2289,55.3747,49.57,93,40,0.0,scattered clouds,2022-04-11 00:21:18
332,Haines Junction,CA,60.7522,-137.5108,31.95,29,48,11.5,scattered clouds,2022-04-11 00:21:19
333,Eureka,US,40.8021,-124.1637,56.19,71,62,5.01,broken clouds,2022-04-11 00:21:19
334,Matay,EG,28.419,30.7792,68.49,42,75,11.52,broken clouds,2022-04-11 00:21:20
335,Ozernovskiy,RU,51.5,156.5167,31.44,75,86,16.11,overcast clouds,2022-04-11 00:21:20
336,Chokurdakh,RU,70.6333,147.9167,-7.1,97,100,2.91,overcast clouds,2022-04-11 00:21:21
337,Ribeira Grande,PT,38.5167,-28.7,57.9,67,100,29.44,overcast clouds,2022-04-11 00:21:21
338,Roald,NO,62.5833,6.1333,40.75,56,100,16.11,overcast clouds,2022-04-11 00:21:21
339,Ust-Nera,RU,64.5667,143.2,0.07,89,77,5.79,broken clouds,2022-04-11 00:21:22
340,Brigantine,US,39.4101,-74.3646,47.05,54,40,11.5,scattered clouds,2022-04-11 00:21:23
341,Soure,BR,-0.7167,-48.5233,76.77,86,100,7.92,overcast clouds,2022-04-11 00:21:23
342,Vao,NC,-22.6667,167.4833,77.45,84,72,18.5,broken clouds,2022-04-11 00:21:24
343,Umm Kaddadah,SD,13.6017,26.6876,81.5,9,42,12.06,scattered clouds,2022-04-11 00:21:24
344,Topchikha,RU,52.8192,83.1185,28.76,78,8,7.38,clear sky,2022-04-11 00:21:25
345,Kargil,IN,34.5667,76.1,29.57,59,2,3.98,clear sky,2022-04-11 00:21:25
346,Forest,US,37.3638,-79.2897,57.25,28,0,0.0,clear sky,2022-04-11 00:21:25
347,Maceio,BR,-9.6658,-35.7353,74.64,88,0,5.75,clear sky,2022-04-11 00:21:26
348,Buala,SB,-8.145,159.5921,81.07,79,94,4.45,overcast clouds,2022-04-11 00:21:26
349,Shipunovo,RU,52.1582,82.2173,30.79,87,8,9.53,clear sky,2022-04-11 00:21:27
350,San Fernando,PH,15.0286,120.6898,81.5,67,100,4.7,overcast clouds,2022-04-11 00:21:27
351,Nemuro,JP,43.3236,145.575,39.02,94,99,7.38,overcast clouds,2022-04-11 00:21:27
352,Shevchenkove,UA,49.6959,37.1735,51.31,69,68,8.16,broken clouds,2022-04-11 00:21:28
353,Nador,MA,35.174,-2.9287,61.05,88,100,4.61,overcast clouds,2022-04-11 00:21:29
354,Manyana,BW,-23.4,21.7167,59.11,93,0,6.49,clear sky,2022-04-11 00:21:29
355,Morant Bay,JM,17.8815,-76.4093,78.42,83,28,10.42,scattered clouds,2022-04-11 00:21:30
356,Fairbanks,US,64.8378,-147.7164,26.6,65,100,5.75,overcast clouds,2022-04-11 00:21:30
357,Marsabit,KE,2.3284,37.9899,68.5,68,48,14.9,scattered clouds,2022-04-11 00:21:30
358,Kavieng,PG,-2.5744,150.7967,84.13,71,100,9.64,overcast clouds,2022-04-11 00:21:31
359,Anloga,GH,5.7947,0.8973,82.09,84,90,7.31,overcast clouds,2022-04-11 00:21:31
360,Mitsamiouli,KM,-11.3847,43.2844,81.88,73,17,5.86,few clouds,2022-04-11 00:21:32
361,Sinnamary,GF,5.3833,-52.95,77.86,87,80,12.12,broken clouds,2022-04-11 00:21:32
362,Ixtapa,MX,20.7,-105.2,78.03,73,40,12.66,scattered clouds,2022-04-11 00:21:32
363,Kibara,TZ,-2.15,33.45,72.25,68,99,8.55,overcast clouds,2022-04-11 00:21:33
364,Muros,ES,42.7762,-9.0603,55.69,89,70,13.31,broken clouds,2022-04-11 00:21:33
365,Warrnambool,AU,-38.3833,142.4833,64.81,54,93,10.98,overcast clouds,2022-04-11 00:21:33
366,Constantine,DZ,36.365,6.6147,51.21,71,0,10.36,clear sky,2022-04-11 00:21:34
367,Tottori,JP,35.5,134.2333,68.07,52,75,10.36,broken clouds,2022-04-11 00:18:57
368,Singapore,SG,1.2897,103.8501,80.55,90,75,2.3,haze,2022-04-11 00:22:34
369,Kijang,KR,35.2442,129.2139,64.13,78,56,5.84,broken clouds,2022-04-11 00:22:35
370,Tanete,ID,-3.9443,119.7848,78.3,84,34,2.57,scattered clouds,2022-04-11 00:22:35
371,Maltahohe,NA,-24.8333,16.9833,58.89,68,0,13.6,clear sky,2022-04-11 00:22:35
372,Dodge City,US,37.7528,-100.0171,67.23,25,0,20.71,clear sky,2022-04-11 00:22:36
373,Aleksandrovskiy Zavod,RU,50.9237,117.9374,27.0,74,55,3.91,broken clouds,2022-04-11 00:22:36
374,Amet,IN,25.3,73.9333,79.03,17,42,8.23,scattered clouds,2022-04-11 00:22:37
375,Rochegda,RU,62.8,43.25,29.59,95,66,5.73,broken clouds,2022-04-11 00:22:37
376,Varzea Da Palma,BR,-17.5981,-44.7308,78.48,61,92,2.26,overcast clouds,2022-04-11 00:22:37
377,San Cristobal,VE,7.7669,-72.225,73.58,65,90,0.83,overcast clouds,2022-04-11 00:22:38
378,Port Macquarie,AU,-31.4333,152.9167,78.89,67,7,3.76,clear sky,2022-04-11 00:20:38
379,Natchez,US,31.5604,-91.4032,74.64,34,0,16.11,clear sky,2022-04-11 00:18:07
380,Pervomayskoye,RU,43.919,46.7102,50.5,73,74,13.02,broken clouds,2022-04-11 00:22:38
381,Porto Novo,BJ,6.4965,2.6036,82.22,85,36,4.14,scattered clouds,2022-04-11 00:22:39
382,Launceston,AU,-41.45,147.1667,60.62,51,75,6.91,broken clouds,2022-04-11 00:22:39
383,Yar-Sale,RU,66.8333,70.8333,33.82,99,100,10.71,overcast clouds,2022-04-11 00:22:40
384,Srivardhan,IN,18.0333,73.0167,78.94,83,100,2.42,overcast clouds,2022-04-11 00:22:40
385,Najran,SA,17.4924,44.1277,70.45,21,0,3.96,clear sky,2022-04-11 00:22:41
386,Santiago Del Estero,AR,-27.7951,-64.2615,75.27,84,79,6.64,broken clouds,2022-04-11 00:22:41
387,Dawlatabad,AF,36.4141,64.9053,67.1,38,100,20.51,overcast clouds,2022-04-11 00:22:41
388,Sungaipenuh,ID,-2.0833,101.3833,65.17,94,79,1.28,broken clouds,2022-04-11 00:22:42
389,Rio Grande,BR,-32.035,-52.0986,71.94,88,87,15.86,overcast clouds,2022-04-11 00:22:42
390,Stornoway,GB,58.2093,-6.3865,44.56,81,40,11.5,scattered clouds,2022-04-11 00:22:42
391,Bainbridge,US,47.6262,-122.5212,48.06,76,75,11.5,broken clouds,2022-04-11 00:22:43
392,Orlik,RU,52.5178,99.825,10.22,86,100,2.55,overcast clouds,2022-04-11 00:22:43
393,Hamilton,US,39.1834,-84.5333,60.75,44,0,13.8,clear sky,2022-04-11 00:19:14
394,Severomuysk,RU,56.1481,113.4267,11.7,93,87,3.0,overcast clouds,2022-04-11 00:18:56
395,Westport,US,41.1415,-73.3579,46.89,56,100,10.36,overcast clouds,2022-04-11 00:22:07
396,Karancslapujto,HU,48.15,19.7333,32.67,95,33,2.51,scattered clouds,2022-04-11 00:22:44
397,Mount Gambier,AU,-37.8333,140.7667,61.48,51,58,8.52,broken clouds,2022-04-11 00:22:44
398,Beringovskiy,RU,63.05,179.3167,30.72,86,100,10.69,overcast clouds,2022-04-11 00:22:45
399,Buchanan,LR,5.8808,-10.0467,79.61,87,65,3.24,broken clouds,2022-04-11 00:22:45
400,Yugorsk,RU,61.3133,63.3319,32.52,97,87,7.58,overcast clouds,2022-04-11 00:22:46
401,Mathbaria,BD,22.2876,89.9593,79.25,83,21,12.26,few clouds,2022-04-11 00:22:46
402,Luba,GQ,3.4568,8.5547,78.69,80,73,6.78,broken clouds,2022-04-11 00:22:46
403,Lucapa,AO,-8.4192,20.7447,63.52,98,61,4.16,broken clouds,2022-04-11 00:22:47
404,Okulovka,RU,58.4008,33.2908,31.82,90,100,5.23,overcast clouds,2022-04-11 00:22:47
405,Laguna,US,38.421,-121.4238,75.61,19,0,10.36,clear sky,2022-04-11 00:20:38
406,Kokopo,PG,-4.352,152.2633,83.57,68,75,1.72,broken clouds,2022-04-11 00:22:48
407,Gladstone,AU,-23.85,151.25,80.78,57,8,11.5,clear sky,2022-04-11 00:21:25
408,Kulhudhuffushi,MV,6.6221,73.07,83.57,73,61,11.23,broken clouds,2022-04-11 00:22:48
409,Saint Anthony,US,45.0205,-93.218,58.96,41,100,16.11,overcast clouds,2022-04-11 00:22:49
410,Erenhot,CN,43.6475,111.9767,42.64,39,100,22.91,overcast clouds,2022-04-11 00:22:49
411,Severo-Kurilsk,RU,50.6789,156.125,31.37,78,90,17.31,overcast clouds,2022-04-11 00:22:50
412,Imbituba,BR,-28.24,-48.6703,75.81,93,100,8.41,overcast clouds,2022-04-11 00:22:21
413,Tucurui,BR,-3.7661,-49.6725,74.73,97,93,3.11,overcast clouds,2022-04-11 00:23:50
414,Dunedin,NZ,-45.8742,170.5036,58.98,54,0,2.73,clear sky,2022-04-11 00:23:50
415,Coquimbo,CL,-29.9533,-71.3436,59.14,81,4,5.91,clear sky,2022-04-11 00:23:16
416,Coracora,PE,-15.0333,-73.7833,50.36,81,68,3.51,broken clouds,2022-04-11 00:23:51
417,Camacupa,AO,-12.0167,17.4833,59.67,98,99,0.98,overcast clouds,2022-04-11 00:23:51
418,Fort Atkinson,US,42.9289,-88.8371,58.55,52,100,4.0,overcast clouds,2022-04-11 00:23:52
419,Lavrentiya,RU,65.5833,-171.0,29.71,82,74,12.41,broken clouds,2022-04-11 00:23:52
420,Saint-Louis,SN,16.3333,-15.0,73.04,36,43,13.22,scattered clouds,2022-04-11 00:23:52
421,Newport,GB,51.5877,-2.9984,46.45,67,100,9.86,overcast clouds,2022-04-11 00:23:53
422,Tessalit,ML,20.1986,1.0114,81.12,6,0,5.41,clear sky,2022-04-11 00:23:53
423,Nanakuli,US,21.3906,-158.1547,84.15,52,100,14.97,overcast clouds,2022-04-11 00:23:53
424,Lingyuan,CN,41.24,119.4011,58.37,37,58,5.79,broken clouds,2022-04-11 00:23:54
425,Touros,BR,-5.1989,-35.4608,80.46,82,100,11.14,overcast clouds,2022-04-11 00:23:54
426,Suluktu,KG,39.9337,69.57,56.68,33,100,7.05,overcast clouds,2022-04-11 00:23:54
427,Norilsk,RU,69.3535,88.2027,-4.86,96,88,4.83,overcast clouds,2022-04-11 00:23:55
428,Majagual,CO,8.5389,-74.6204,78.19,90,98,3.71,overcast clouds,2022-04-11 00:23:55
429,Victoria Point,AU,-27.5833,153.3,80.26,71,2,3.0,clear sky,2022-04-11 00:23:56
430,Iwanai,JP,42.9744,140.5089,57.38,60,68,5.35,broken clouds,2022-04-11 00:23:56
431,Tricase,IT,39.9304,18.3553,51.15,55,7,24.36,clear sky,2022-04-11 00:23:56
432,Corner Brook,CA,48.9667,-57.9484,33.96,97,100,7.47,overcast clouds,2022-04-11 00:23:57
433,Saint-Augustin,CA,51.226,-58.6502,34.32,99,100,10.2,overcast clouds,2022-04-11 00:23:57
434,Dapdap,PH,12.062,125.4881,79.63,88,100,7.31,overcast clouds,2022-04-11 00:23:58
435,Radcliff,US,37.8404,-85.9491,66.16,36,0,10.36,clear sky,2022-04-11 00:23:58
436,Plock,PL,52.5468,19.7064,31.62,93,54,6.82,broken clouds,2022-04-11 00:23:58
437,Bulawayo,ZW,-20.15,28.5833,58.98,94,100,9.13,overcast clouds,2022-04-11 00:23:59
438,Bubaque,GW,11.2833,-15.8333,76.19,69,5,13.24,clear sky,2022-04-11 00:23:59
439,Fayaoue,NC,-20.65,166.5333,80.55,78,53,10.13,broken clouds,2022-04-11 00:23:59
440,Minab,IR,27.1467,57.0801,77.22,58,0,4.12,clear sky,2022-04-11 00:24:00
441,Honiara,SB,-9.4333,159.95,86.49,64,92,1.99,light rain,2022-04-11 00:24:00
442,Avera,US,33.194,-82.5271,63.91,52,0,5.44,clear sky,2022-04-11 00:24:01
443,Neokhorion,GR,41.1833,23.25,46.92,76,56,7.94,broken clouds,2022-04-11 00:24:01
444,Jibuti,DJ,11.5,42.5,73.72,79,3,10.74,clear sky,2022-04-11 00:24:01
445,San Bartolome Jocotenango,GT,15.1928,-91.0772,76.46,72,40,6.08,scattered clouds,2022-04-11 00:24:02
446,Dolinsk,RU,47.35,142.8,32.29,90,100,8.37,snow,2022-04-11 00:24:02
447,Kruisfontein,ZA,-34.0033,24.7314,63.88,93,72,4.0,broken clouds,2022-04-11 00:24:03
448,Villaviciosa,ES,43.4813,-5.4357,61.61,79,73,5.28,broken clouds,2022-04-11 00:24:03
449,Severnyy,RU,50.677,36.5532,53.64,54,0,6.71,clear sky,2022-04-11 00:24:04
450,Ust-Omchug,RU,61.15,149.6333,0.9,81,50,4.97,scattered clouds,2022-04-11 00:24:04
451,Mazatlan,MX,23.2167,-106.4167,78.76,75,40,7.0,scattered clouds,2022-04-11 00:20:00
452,Price,US,39.5994,-110.8107,46.11,14,0,13.8,clear sky,2022-04-11 00:24:05
453,Bereda,ES,43.2686,-7.5406,49.3,96,53,2.82,broken clouds,2022-04-11 00:24:05
454,Yerbogachen,RU,61.2767,108.0108,19.83,90,73,4.05,broken clouds,2022-04-11 00:24:06
455,Rudnichnyy,RU,59.617,52.4703,35.15,100,100,4.59,overcast clouds,2022-04-11 00:24:06
456,Puerto Maldonado,PE,-12.6,-69.1833,77.4,88,0,0.0,clear sky,2022-04-11 00:25:07
457,Shemonaikha,KZ,50.6328,81.9056,32.67,79,2,11.95,clear sky,2022-04-11 00:25:07
458,Galveston,US,29.3669,-94.9669,73.51,79,100,16.11,overcast clouds,2022-04-11 00:25:07
459,Southbridge,US,42.0751,-72.0334,45.52,61,89,5.01,overcast clouds,2022-04-11 00:24:00
460,Pitlochry,GB,56.7051,-3.7343,41.27,92,100,3.71,overcast clouds,2022-04-11 00:25:08
461,Tucuma,BR,-0.1833,-50.05,74.7,93,100,4.52,overcast clouds,2022-04-11 00:25:08
462,Solnechnyy,RU,50.7214,136.6319,30.63,85,98,5.77,overcast clouds,2022-04-11 00:25:09
463,Gumia,IN,23.7833,85.8167,77.58,42,1,2.64,clear sky,2022-04-11 00:25:09
464,Parrita,CR,9.5201,-84.3225,80.53,82,78,3.11,broken clouds,2022-04-11 00:25:10
465,Tual,ID,-5.6667,132.75,79.12,83,100,9.33,overcast clouds,2022-04-11 00:25:10
466,Tromso,NO,69.6496,18.957,35.62,69,20,10.36,few clouds,2022-04-11 00:25:11
467,Dusti,TJ,37.3481,68.664,72.68,29,100,3.94,overcast clouds,2022-04-11 00:25:11
468,Trairi,BR,-3.2778,-39.2689,75.63,88,81,1.48,broken clouds,2022-04-11 00:25:11
469,Barranca,PE,-10.75,-77.7667,68.02,86,31,6.2,scattered clouds,2022-04-11 00:25:12
470,Bandundu,CD,-3.3167,17.3667,73.31,95,88,1.14,light rain,2022-04-11 00:25:12
471,Abnub,EG,27.2696,31.1511,71.82,23,27,6.73,scattered clouds,2022-04-11 00:25:12
472,Jalu,LY,29.0331,21.5482,67.78,27,0,18.99,clear sky,2022-04-11 00:25:13
473,Margate,GB,51.3813,1.3862,46.69,80,100,3.0,overcast clouds,2022-04-11 00:24:50
474,Geneva,US,41.8875,-88.3054,61.0,44,0,25.32,clear sky,2022-04-11 00:21:56
475,Picota,PE,-6.9197,-76.3304,79.29,92,100,1.19,overcast clouds,2022-04-11 00:25:13
476,Salisbury,GB,51.0693,-1.7957,49.01,72,100,8.05,overcast clouds,2022-04-11 00:21:46
477,Batouri,CM,4.4333,14.3667,69.13,93,42,0.11,light rain,2022-04-11 00:25:14
478,Uvinza,TZ,-5.1036,30.3911,65.23,82,59,1.45,broken clouds,2022-04-11 00:25:16
479,Bolotnoye,RU,55.6717,84.3981,8.49,98,37,2.59,scattered clouds,2022-04-11 00:25:16
480,Mar Del Plata,AR,-38.0023,-57.5575,69.1,96,100,10.0,overcast clouds,2022-04-11 00:20:48
481,Henties Bay,NA,-22.116,14.2845,62.31,75,0,2.01,clear sky,2022-04-11 00:25:17
482,Dicabisagan,PH,17.0818,122.4157,79.84,80,95,5.06,overcast clouds,2022-04-11 00:25:18
483,Verkhoyansk,RU,67.5447,133.385,3.83,90,92,3.06,overcast clouds,2022-04-11 00:25:18
484,Tupa,BR,-21.9347,-50.5136,73.96,76,25,6.78,scattered clouds,2022-04-11 00:20:57
485,Kabo,CF,7.6994,18.629,77.97,64,90,7.43,overcast clouds,2022-04-11 00:25:19
486,Tiznit,MA,29.5833,-9.5,64.2,63,39,1.99,scattered clouds,2022-04-11 00:24:47
487,Santa Cruz,BO,-17.8,-63.1667,80.06,78,46,12.66,scattered clouds,2022-04-11 00:21:25
488,Yashkul,RU,46.1711,45.3435,53.24,62,94,7.61,overcast clouds,2022-04-11 00:25:20
489,Sao Miguel Do Araguaia,BR,-13.275,-50.1628,77.23,70,9,5.08,clear sky,2022-04-11 00:25:20
490,Marsh Harbour,BS,26.5412,-77.0636,68.95,56,0,13.09,clear sky,2022-04-11 00:25:21
491,Kamwenge,UG,0.1866,30.4539,65.55,89,100,0.96,light rain,2022-04-11 00:25:21
492,Guangyuan,CN,32.442,105.823,68.76,67,43,2.8,scattered clouds,2022-04-11 00:25:22
493,Sanwer,IN,22.9833,75.8333,72.25,28,18,8.16,few clouds,2022-04-11 00:25:22
494,Sur,OM,22.5667,59.5289,86.29,33,15,7.65,few clouds,2022-04-11 00:25:23
495,Rockland,US,41.1668,-74.0496,45.23,53,73,8.01,broken clouds,2022-04-11 00:24:25
496,Port Hardy,CA,50.6996,-127.4199,46.58,61,75,11.5,broken clouds,2022-04-11 00:22:37
497,Oriximina,BR,-1.7656,-55.8661,75.02,96,87,3.31,overcast clouds,2022-04-11 00:25:23
498,Panaba,MX,21.2833,-88.2667,80.53,42,32,14.67,scattered clouds,2022-04-11 00:25:24
499,Santa Vitoria Do Palmar,BR,-33.5189,-53.3681,68.68,88,62,11.88,light rain,2022-04-11 00:25:25
500,Jalalabad,AF,34.4265,70.4515,77.02,22,97,1.07,overcast clouds,2022-04-11 00:25:25
501,Kemin,KG,42.7846,75.6892,56.53,55,44,5.37,scattered clouds,2022-04-11 00:25:25
502,Zholymbet,KZ,51.7433,71.7122,35.26,66,100,10.87,overcast clouds,2022-04-11 00:25:26
503,Nabire,ID,-3.3667,135.4833,80.85,79,93,2.39,overcast clouds,2022-04-11 00:25:26
504,Amazar,RU,53.858,120.875,28.8,57,100,5.1,overcast clouds,2022-04-11 00:26:27
505,Marsa Matruh,EG,31.3525,27.2453,59.2,88,0,6.91,clear sky,2022-04-11 00:26:28
506,Baruun-Urt,MN,46.6806,113.2792,31.91,61,99,17.81,overcast clouds,2022-04-11 00:26:28
507,Belmonte,BR,-15.8631,-38.8828,77.54,79,10,7.63,clear sky,2022-04-11 00:26:29
508,Obihiro,JP,42.9172,143.2044,42.21,62,92,1.81,overcast clouds,2022-04-11 00:26:29
509,Rock Hill,US,34.9249,-81.0251,62.78,33,0,3.44,clear sky,2022-04-11 00:26:30
510,Jacqueville,CI,5.2052,-4.4146,81.46,88,26,9.82,scattered clouds,2022-04-11 00:26:30
511,Korla,CN,41.7597,86.1469,53.76,51,28,10.87,scattered clouds,2022-04-11 00:26:30
512,Alibag,IN,18.6411,72.8792,82.47,78,98,4.36,overcast clouds,2022-04-11 00:26:31
513,Peleduy,RU,59.6289,112.7406,20.59,83,60,2.06,broken clouds,2022-04-11 00:26:31
514,Devgarh,IN,25.5333,73.9,77.61,16,31,8.66,scattered clouds,2022-04-11 00:26:31
515,Nokia,FI,61.4667,23.5,36.01,87,40,12.66,scattered clouds,2022-04-11 00:26:32
516,Quime,BO,-16.9833,-67.2167,52.21,94,77,2.93,broken clouds,2022-04-11 00:26:32
517,Garowe,SO,8.4054,48.4845,72.9,90,15,6.76,few clouds,2022-04-11 00:26:33
518,Todos Santos,MX,23.45,-110.2167,70.45,70,4,7.43,clear sky,2022-04-11 00:26:33
519,La Ronge,CA,55.1001,-105.2842,21.45,68,75,17.27,broken clouds,2022-04-11 00:22:40
520,Aripuana,BR,-9.1667,-60.6333,74.48,94,100,2.42,overcast clouds,2022-04-11 00:26:33
521,Vytegra,RU,61.0064,36.4481,33.55,87,82,9.28,broken clouds,2022-04-11 00:26:34
522,Havoysund,NO,70.9963,24.6622,39.43,83,100,22.35,overcast clouds,2022-04-11 00:25:56
523,Vagur,FO,61.4732,-6.8119,36.32,66,100,15.3,overcast clouds,2022-04-11 00:26:34
524,Ivanino,RU,51.6434,35.5769,45.12,97,100,7.58,overcast clouds,2022-04-11 00:26:35
525,Coihueco,CL,-36.6167,-71.8333,45.32,83,73,2.75,broken clouds,2022-04-11 00:26:26
526,Bacolod,PH,10.6667,122.95,73.74,95,100,11.1,overcast clouds,2022-04-11 00:26:35
527,Nizhnevartovsk,RU,60.9344,76.5531,24.82,58,0,4.47,clear sky,2022-04-11 00:24:15
528,Kamina,CD,-8.7386,24.9906,60.6,96,46,3.94,scattered clouds,2022-04-11 00:26:36
529,Del Rio,US,29.3627,-100.8968,93.6,14,0,3.44,clear sky,2022-04-11 00:26:36
530,Mariestad,SE,58.7097,13.8237,34.5,83,17,7.14,few clouds,2022-04-11 00:26:37
531,Kurilsk,RU,45.2333,147.8833,32.13,91,100,13.06,snow,2022-04-11 00:26:37
532,Lorengau,PG,-2.0226,147.2712,84.6,75,64,10.13,broken clouds,2022-04-11 00:26:37
533,Beloha,MG,-25.1667,45.05,72.59,83,96,17.11,overcast clouds,2022-04-11 00:26:38
534,Mocuba,MZ,-16.8392,36.9856,68.65,99,30,3.71,scattered clouds,2022-04-11 00:26:38
535,Olinda,BR,-8.0089,-34.8553,82.13,74,40,5.75,scattered clouds,2022-04-11 00:26:39
536,Chengde,CN,40.9725,117.9361,65.86,51,74,2.86,broken clouds,2022-04-11 00:26:39
537,Acapulco,MX,16.8634,-99.8901,84.02,65,75,11.5,broken clouds,2022-04-11 00:26:39
538,Nizhniy Kuranakh,RU,58.8353,125.4869,22.93,90,100,2.53,light snow,2022-04-11 00:26:40
539,Jati,PK,24.3539,68.2671,77.86,77,84,11.36,broken clouds,2022-04-11 00:26:40
540,Mendoza,AR,-32.8908,-68.8272,60.33,77,0,3.44,clear sky,2022-04-11 00:26:40
541,Wilmington,US,34.2257,-77.9447,60.71,42,0,5.75,clear sky,2022-04-11 00:22:07
542,Sao Jose Da Coroa Grande,BR,-8.8978,-35.1478,78.55,75,27,6.87,scattered clouds,2022-04-11 00:26:41
543,Micheweni,TZ,-4.9667,39.8333,81.64,75,68,11.59,broken clouds,2022-04-11 00:26:41
544,Ouadda,CF,8.0777,22.4007,66.92,94,100,5.1,overcast clouds,2022-04-11 00:26:42
545,Kenai,US,60.5544,-151.2583,43.03,35,0,11.5,clear sky,2022-04-11 00:26:42
546,Coihaique,CL,-45.5752,-72.0662,48.81,96,77,6.51,broken clouds,2022-04-11 00:26:42
547,Onverwacht,SR,5.5833,-55.1833,77.0,94,40,8.05,scattered clouds,2022-04-11 00:26:43
548,Sergeyevka,KZ,53.88,67.4158,39.56,59,100,13.44,overcast clouds,2022-04-11 00:26:43
549,Matale,LK,7.4721,80.6234,70.03,94,87,2.82,overcast clouds,2022-04-11 00:26:44
550,Gigmoto,PH,13.7796,124.39,79.81,89,100,15.99,overcast clouds,2022-04-11 00:26:44
551,Canelones,UY,-34.6444,-56.2886,71.31,77,40,8.9,scattered clouds,2022-04-11 00:26:45
552,Ayagoz,KZ,47.9714,80.4392,30.81,71,31,13.62,scattered clouds,2022-04-11 00:24:28
553,Padang,ID,-0.9492,100.3543,75.25,85,48,3.04,scattered clouds,2022-04-11 00:27:45
554,Asfi,MA,32.2994,-9.2372,60.08,89,40,7.07,scattered clouds,2022-04-11 00:27:46
555,Bowen,AU,-20.0167,148.2333,81.37,72,86,13.76,overcast clouds,2022-04-11 00:27:46
556,La Baneza,ES,42.3003,-5.8977,55.2,65,63,11.21,broken clouds,2022-04-11 00:27:46
557,Qaqortoq,GL,60.7167,-46.0333,28.22,70,100,1.7,overcast clouds,2022-04-11 00:27:47
558,Labuhan,ID,-6.8844,112.2051,78.53,83,72,4.54,broken clouds,2022-04-11 00:26:21
559,Astana,KZ,51.1801,71.446,31.95,69,0,6.71,clear sky,2022-04-11 00:27:48
560,Fulton,US,33.7668,-84.4499,71.26,33,0,6.91,clear sky,2022-04-11 00:27:37
561,Biograd Na Moru,HR,43.9433,15.4519,45.75,59,0,4.68,clear sky,2022-04-11 00:27:48
562,Nishihara,JP,26.1842,127.7558,74.48,94,100,13.8,mist,2022-04-11 00:27:48
563,Aksarka,RU,66.5606,67.7975,33.66,99,100,10.6,overcast clouds,2022-04-11 00:27:49
564,Tongchuan,CN,35.0806,109.0897,69.22,34,4,4.21,clear sky,2022-04-11 00:27:49
565,Watsa,CD,3.0372,29.5355,64.47,97,100,3.0,overcast clouds,2022-04-11 00:27:50
566,Vila Franca Do Campo,PT,37.7167,-25.4333,57.61,72,79,21.99,broken clouds,2022-04-11 00:27:50
567,Mandok,HU,48.3215,22.1911,36.84,75,72,10.56,broken clouds,2022-04-11 00:27:51
568,Qasigiannguit,GL,68.8193,-51.1922,17.85,81,100,3.96,overcast clouds,2022-04-11 00:27:51
569,Staraya Russa,RU,57.9944,31.3608,31.78,89,18,6.46,few clouds,2022-04-11 00:27:52
570,Luena,AO,-11.7833,19.9167,60.91,96,100,0.96,overcast clouds,2022-04-11 00:24:40
571,Port Lincoln,AU,-34.7333,135.8667,64.74,74,94,14.81,overcast clouds,2022-04-11 00:26:37
572,Vokhma,RU,58.9303,46.7586,36.99,100,100,6.4,overcast clouds,2022-04-11 00:27:52
573,Tuatapere,NZ,-46.1333,167.6833,60.73,61,38,10.51,scattered clouds,2022-04-11 00:27:53
574,Dukat,RU,62.55,155.55,-2.36,85,75,4.12,broken clouds,2022-04-11 00:27:53
575,Mayor Pablo Lagerenza,PY,-19.9309,-60.7718,88.65,42,19,11.14,few clouds,2022-04-11 00:27:53
576,Dubai,AE,25.2582,55.3047,76.93,50,0,6.91,clear sky,2022-04-11 00:26:04
577,Maragogi,BR,-9.0122,-35.2225,78.19,76,13,6.73,few clouds,2022-04-11 00:27:54
578,Xichang,CN,27.8964,102.2634,60.17,79,65,0.6,broken clouds,2022-04-11 00:27:54
579,Saint-Andre-Avellin,CA,45.7168,-75.066,37.92,75,61,11.12,broken clouds,2022-04-11 00:27:55
580,Spornoye,RU,50.8448,37.2913,49.15,77,96,8.41,overcast clouds,2022-04-11 00:27:55
581,Madanapalle,IN,13.55,78.5,70.72,87,77,3.02,broken clouds,2022-04-11 00:27:55
582,Payo,ID,-3.7508,103.6372,73.17,90,90,1.41,overcast clouds,2022-04-11 00:27:56
583,Tafresh,IR,34.692,50.013,51.42,28,52,5.86,broken clouds,2022-04-11 00:27:56
584,Yhu,PY,-25.05,-55.9167,71.04,99,57,6.69,broken clouds,2022-04-11 00:27:57
585,Kaitong,CN,44.8135,123.15,48.74,51,100,18.59,overcast clouds,2022-04-11 00:27:57
586,Charters Towers,AU,-20.1,146.2667,80.91,63,80,9.62,broken clouds,2022-04-11 00:27:57
587,Mumford,GH,5.2618,-0.759,81.23,87,72,6.38,broken clouds,2022-04-11 00:27:58
588,Mount Isa,AU,-20.7333,139.5,91.17,33,33,17.27,scattered clouds,2022-04-11 00:27:58
589,Alice Springs,AU,-23.7,133.8833,80.15,24,54,4.61,broken clouds,2022-04-11 00:24:46
590,Kloulklubed,PW,7.0419,134.2556,82.9,83,100,24.63,overcast clouds,2022-04-11 00:25:47
591,Okha,RU,53.5739,142.9478,28.81,85,100,14.99,overcast clouds,2022-04-11 00:25:38
592,Yelizovo,RU,53.1873,158.3805,37.54,40,75,18.01,broken clouds,2022-04-11 00:27:59
593,Hualmay,PE,-11.0964,-77.6139,68.45,87,18,7.36,few clouds,2022-04-11 00:24:44
594,Tautira,PF,-17.7333,-149.15,81.32,76,34,20.2,scattered clouds,2022-04-11 00:28:00
595,Donghai,CN,22.9459,115.642,76.95,72,1,1.39,clear sky,2022-04-11 00:28:01
596,Nacala,MZ,-14.5428,40.6728,72.73,98,23,5.57,light rain,2022-04-11 00:28:01
597,Vangaindrano,MG,-23.35,47.6,72.99,86,100,5.46,overcast clouds,2022-04-11 00:28:02
598,Sapa,PH,5.1544,120.3241,80.26,82,97,6.15,overcast clouds,2022-04-11 00:25:02
599,Sambava,MG,-14.2667,50.1667,74.32,91,73,8.72,broken clouds,2022-04-11 00:24:37
600,Reconquista,AR,-29.15,-59.65,68.58,95,100,10.0,overcast clouds,2022-04-11 00:29:03
601,Gat,IL,31.61,34.7642,66.4,75,21,4.36,few clouds,2022-04-11 00:27:02
602,Hovd,MN,48.0056,91.6419,27.18,37,21,1.3,few clouds,2022-04-11 00:28:10
603,Demba,CD,-5.51,22.2667,68.92,91,93,0.65,overcast clouds,2022-04-11 00:29:04
604,Venustiano Carranza,MX,19.43,-99.0992,73.38,33,75,13.8,broken clouds,2022-04-11 00:29:04
605,Rauma,FI,61.1272,21.5113,39.24,80,100,17.22,overcast clouds,2022-04-11 00:25:39
606,Ginda,IN,30.6945,78.4932,58.17,17,0,8.63,clear sky,2022-04-11 00:29:04
607,Iranduba,BR,-3.2847,-60.1861,75.49,97,100,3.02,overcast clouds,2022-04-11 00:29:05
608,Kifri,IQ,34.6959,44.9661,67.69,30,24,6.02,few clouds,2022-04-11 00:29:06
609,Byron Bay,AU,-28.65,153.6167,76.95,71,45,8.84,scattered clouds,2022-04-11 00:29:06
610,Deniliquin,AU,-35.5333,144.9667,75.43,42,75,5.3,broken clouds,2022-04-11 00:29:06
611,Luderitz,NA,-26.6481,15.1594,72.99,45,0,10.45,clear sky,2022-04-11 00:25:26
612,Pishva,IR,35.308,51.7267,59.41,36,5,3.27,clear sky,2022-04-11 00:29:07
613,Hambantota,LK,6.1241,81.1185,73.74,100,20,0.0,few clouds,2022-04-11 00:24:16
614,Alofi,NU,-19.0595,-169.9187,84.09,70,75,8.05,broken clouds,2022-04-11 00:29:08
615,Andenes,NO,69.3143,16.1194,35.58,75,6,8.05,clear sky,2022-04-11 00:29:08
616,Tucuman,AR,-26.8241,-65.2226,69.8,100,75,1.14,broken clouds,2022-04-11 00:29:09
617,Barreirinha,BR,-2.7933,-57.07,75.02,98,100,2.3,overcast clouds,2022-04-11 00:29:09
618,Havelock,US,34.8791,-76.9013,57.16,52,0,8.05,clear sky,2022-04-11 00:29:10
619,Hit,IQ,33.6416,42.8251,71.94,20,34,5.64,scattered clouds,2022-04-11 00:29:10
620,Tateyama,JP,34.9833,139.8667,64.04,82,100,12.71,overcast clouds,2022-04-11 00:29:10
621,Skibbereen,IE,51.55,-9.2667,51.12,79,100,25.7,overcast clouds,2022-04-11 00:29:11
622,Chepareria,KE,1.3077,35.2039,60.62,76,92,5.17,overcast clouds,2022-04-11 00:29:12
623,Havre-Saint-Pierre,CA,50.2334,-63.5986,34.16,93,100,6.91,overcast clouds,2022-04-11 00:29:13
624,Rundu,NA,-17.9333,19.7667,64.49,91,41,5.82,scattered clouds,2022-04-11 00:29:13
625,Saint-Francois,FR,46.4154,3.9054,41.68,74,0,2.3,clear sky,2022-04-11 00:27:40
626,Oyama,JP,36.3,139.8,69.58,51,77,3.69,broken clouds,2022-04-11 00:29:13
627,Dharchula,IN,29.85,80.5333,63.34,21,0,8.01,clear sky,2022-04-11 00:29:14
628,Bodden Town,KY,19.2833,-81.25,80.6,69,20,11.5,few clouds,2022-04-11 00:29:14
629,Dongsheng,CN,39.8161,109.9776,44.51,22,100,19.37,overcast clouds,2022-04-11 00:29:15
630,Kachiry,KZ,53.0675,76.1036,31.42,80,2,7.94,clear sky,2022-04-11 00:29:16
631,Manakara,MG,-22.1333,48.0167,73.53,88,51,6.62,moderate rain,2022-04-11 00:29:16
632,Coahuayana,MX,18.7333,-103.6833,83.55,57,78,5.88,broken clouds,2022-04-11 00:29:17
633,Sayyan,YE,15.1718,44.3244,56.8,52,2,4.12,clear sky,2022-04-11 00:29:17
634,Adjumani,UG,3.3779,31.7909,71.01,64,88,0.31,overcast clouds,2022-04-11 00:29:17
635,Baykit,RU,61.67,96.37,19.6,96,90,3.11,overcast clouds,2022-04-11 00:25:13
636,Yazoo City,US,32.8551,-90.4056,68.5,61,1,14.07,clear sky,2022-04-11 00:29:18
637,Bonavista,CA,48.6499,-53.1147,31.44,97,100,12.75,light snow,2022-04-11 00:29:19
638,The Valley,AI,18.217,-63.0578,78.66,75,36,10.54,scattered clouds,2022-04-11 00:29:19
639,Abu Samrah,SY,35.3029,37.1841,59.27,59,48,3.22,scattered clouds,2022-04-11 00:29:20
640,Walvis Bay,NA,-22.9575,14.5053,57.09,100,0,5.75,clear sky,2022-04-11 00:29:20
641,Mehamn,NO,71.0357,27.8492,34.77,91,100,25.84,light snow,2022-04-11 00:29:20
642,Pochutla,MX,15.7432,-96.4661,84.02,53,23,7.83,few clouds,2022-04-11 00:29:21
643,Shelburne,CA,44.0787,-80.2041,34.9,77,45,5.61,scattered clouds,2022-04-11 00:29:21
644,Iskateley,RU,67.6803,53.1512,35.8,100,100,16.64,overcast clouds,2022-04-11 00:29:22
645,Faya,SA,18.3851,42.4509,60.91,40,0,3.15,clear sky,2022-04-11 00:30:22
646,Manzhouli,CN,49.6,117.4333,35.53,44,100,3.67,overcast clouds,2022-04-11 00:30:23
647,Amarante Do Maranhao,BR,-5.5667,-46.7422,72.01,97,100,0.43,overcast clouds,2022-04-11 00:30:23
648,Talnakh,RU,69.4865,88.3972,-0.04,96,96,6.78,overcast clouds,2022-04-11 00:30:23
649,Helong,CN,42.5397,128.9972,72.84,21,96,1.16,overcast clouds,2022-04-11 00:30:24
650,Spartanburg,US,34.9496,-81.9321,66.88,29,0,0.0,clear sky,2022-04-11 00:30:24
651,Vostok,RU,46.4856,135.8833,49.1,82,100,3.06,overcast clouds,2022-04-11 00:30:24
652,Oktyabrskiy,RU,54.4815,53.471,40.14,89,100,1.86,overcast clouds,2022-04-11 00:30:25
653,Fallon,US,39.4735,-118.7774,60.93,10,40,5.75,scattered clouds,2022-04-11 00:30:25
654,Espinho,PT,41.0076,-8.6413,57.11,88,100,14.99,overcast clouds,2022-04-11 00:30:26
655,Puerto Escondido,MX,15.85,-97.0667,85.03,70,0,6.91,clear sky,2022-04-11 00:30:26
656,Poya,NC,-21.35,165.15,80.92,76,94,6.93,overcast clouds,2022-04-11 00:30:27
657,Kenora,CA,49.8167,-94.4337,40.17,93,100,6.91,overcast clouds,2022-04-11 00:30:27
658,Stryn,NO,61.9045,6.7226,34.68,97,94,4.14,light snow,2022-04-11 00:30:28
659,Zhashkiv,UA,49.2454,30.1102,37.29,93,100,16.73,overcast clouds,2022-04-11 00:30:28
660,Palauig,PH,15.435,119.9045,83.05,67,100,0.74,overcast clouds,2022-04-11 00:30:29
661,Leningradskiy,RU,69.3833,178.4167,1.04,89,80,5.28,broken clouds,2022-04-11 00:29:18
662,Joshimath,IN,30.5667,79.5667,57.47,27,0,8.9,clear sky,2022-04-11 00:30:29
663,Saint-Georges,GD,12.0564,-61.7485,80.28,78,20,16.11,few clouds,2022-04-11 00:30:30
664,Cabo San Lucas,MX,22.8909,-109.9124,80.62,62,0,10.0,clear sky,2022-04-11 00:26:37
665,Ambilobe,MG,-13.2,49.05,72.0,94,4,2.93,clear sky,2022-04-11 00:30:31
666,Vanavara,RU,60.34,102.2797,23.32,84,19,5.39,few clouds,2022-04-11 00:30:31
667,Ozinki,RU,51.1786,49.6769,46.94,90,8,6.2,clear sky,2022-04-11 00:30:32
668,Eltham,NZ,-39.4292,174.3,66.27,59,65,5.91,broken clouds,2022-04-11 00:30:32
669,Gushikawa,JP,26.3544,127.8686,74.43,96,75,12.66,broken clouds,2022-04-11 00:30:32
670,Sola,VU,-13.8833,167.55,88.47,62,40,4.61,scattered clouds,2022-04-11 00:27:08
671,Acari,PE,-15.4311,-74.6158,71.04,75,26,4.52,scattered clouds,2022-04-11 00:30:33
672,Haimen,CN,23.1935,116.6142,71.49,67,17,2.51,few clouds,2022-04-11 00:30:33
673,Knysna,ZA,-34.0363,23.0471,64.18,74,7,4.27,clear sky,2022-04-11 00:30:34
674,Riyadh,SA,24.6877,46.7219,71.74,24,5,6.31,clear sky,2022-04-11 00:30:34
675,Placido De Castro,BR,-10.3353,-67.1856,73.87,98,100,2.93,overcast clouds,2022-04-11 00:30:35
676,Naushki,RU,50.3828,106.1056,34.63,46,7,3.58,clear sky,2022-04-11 00:30:35
677,Flinders,AU,-34.5833,150.8552,80.06,65,0,7.0,clear sky,2022-04-11 00:30:35
678,Kralendijk,BQ,12.15,-68.2667,80.58,78,40,16.11,scattered clouds,2022-04-11 00:30:36
679,Nasice,HR,45.4886,18.0878,39.74,70,0,7.02,clear sky,2022-04-11 00:30:36
680,Dahra,DZ,36.2546,0.8519,61.99,44,100,7.31,overcast clouds,2022-04-11 00:30:36
681,Tongliao,CN,43.6125,122.2653,56.46,62,100,1.23,overcast clouds,2022-04-11 00:30:37
682,Aksaray,TR,38.3726,34.0254,51.69,72,4,7.61,clear sky,2022-04-11 00:30:37
683,Fort-Shevchenko,KZ,44.5086,50.263,53.96,70,0,11.1,clear sky,2022-04-11 00:30:38
684,Paita,PE,-5.0892,-81.1144,71.38,81,53,16.84,broken clouds,2022-04-11 00:26:32
685,Senica,SK,48.6792,17.367,37.51,81,13,3.24,few clouds,2022-04-11 00:30:38
